Name,URL,Rating,City,Location,Jobs,Reviews,Best About,Description
MB Bank,https://itviec.com/companies/mb-bank/review,4.8,Ha Noi,"Tòa nhà MB, số 18 Lê Văn Lương, Phường Yên Hòa, Ha Noi",25,129,Training & learning,Ngân hàng TMCP Quân Đội (MB)
FPT IS,https://itviec.com/companies/fpt-is/review,3.3,Ha Noi,"Keangnam Landmark 72, E6 Pham Hung, Yen Hoa, Ha Noi",12,152,Office & workspace,Co- create the next!
LG CNS Việt Nam,https://itviec.com/companies/lg-cns-viet-nam/review,4.7,Ha Noi,"Tầng 15, tòa Keangnam Landmark 72, Mễ Trì, Yen Hoa, Ha Noi",10,54,Office & workspace,TOP 1 IT COMPANY IN KOREA
"MONEY FORWARD VIETNAM CO.,LTD",https://itviec.com/companies/money-forward-vietnam-co-ltd/review,4.5,Ho Chi Minh,"Tòa nhà E.Town Central, Số 11 Đoàn Văn Bơ, Xom Chieu, Ho Chi Minh",9,45,Office & workspace,Top 1 Fintech Company
One Mount Group,https://itviec.com/companies/one-mount-group/review,4.5,Ha Noi,"Tower 2 (T26) Times City, 458 Minh Khai, Ha Noi",8,51,Office & workspace,ONE MOUNT | GROW TOGETHER
Techcombank,https://itviec.com/companies/techcombank/review,3.6,Ha Noi,"Số 6 Quang Trung, phường Trần Hưng Đạo, Ha Noi",8,34,Office & workspace,Techcombank- The leading commercial bank in Vietnam
GoTymeX,https://itviec.com/companies/gotymex/review,4.8,Ho Chi Minh,,7,333,Management cares about me,GoTymeX is a part of Tyme Group - one of the world’s fastest-growing dig...
Bosch Global Software Technologies Company Limited,https://itviec.com/companies/bosch-global-software-technologies-company-limited/review,3.4,Ho Chi Minh,"364 Cong Hoa street, Tan Binh, Ho Chi Minh",7,321,Office & workspace,The Bosch Group is a leading global supplier of technology and services
NAB Innovation Centre Vietnam,https://itviec.com/companies/nab-innovation-centre-vietnam/review,4.6,Ho Chi Minh,"The Capital Place, 29 Lieu Giai Street, Ngoc Ha Ward, Hanoi City, Vietnam, Ngoc Ha, Ha Noi",7,76,Office & workspace,The NAB Innovation Centre Vietnam is owned by NAB - Australia’s largest ...
DatVietVAC,https://itviec.com/companies/datvietvac/review,3.4,Ho Chi Minh,"222 Pasteur, Phường Xuân Hòa, Ho Chi Minh",7,11,Office & workspace,"30 years of DatVietVAC, 30 years of shaping trends, ..."
Hitachi Digital Services,https://itviec.com/companies/hitachi-digital-services/review,3.3,Ho Chi Minh,"Helios Bldg, Quang Trung Software City, Trung My Tay, Ho Chi Minh",6,259,Culture & fun,Hitachi Digital Services Vietnam
"ANDPAD VietNam Co., Ltd",https://itviec.com/companies/andpad-vietnam-co-ltd/review,4.8,Ho Chi Minh,"3rd Floor, Dong Nhan Building, 90 Nguyen Dinh Chieu, Tan Dinh Ward, Tan Dinh, Ho Chi Minh",6,12,Culture & fun,No.1 Construction Tech Company in Japan
Zalopay,https://itviec.com/companies/zalopay/review,4.3,Ho Chi Minh,"Z06 Đường số 13, Phường Tân Thuận Đông, Tan Thuan, Ho Chi Minh",6,3,Office & workspace,Zalopay
ONE Tech Stop Vietnam Company Ltd,https://itviec.com/companies/one-tech-stop-vietnam-company-ltd/review,4.9,Da Nang,"Tầng 3-4 tòa nhà Phi Long, 52 Nguyễn Văn Linh, Hai Chau, Da Nang",5,49,Salary & benefits,Join us if you love to build a huge product for the 6th largest shipping...
Timo,https://itviec.com/companies/timo/review,3.4,Ho Chi Minh,"412 Nguyen Thi Minh Khai, Ban Co, Ho Chi Minh",5,7,Salary & benefits,Timo Vietnam
HDBank,https://itviec.com/companies/hdbank/review,3.7,Ho Chi Minh,"25 Nguyễn Thị Minh Khai, Ho Chi Minh",5,6,Office & workspace,Cam kết lợi ích cao nhất
Topicus Vietnam,https://itviec.com/companies/topicus-vietnam/review,4.9,Ho Chi Minh,"106 Nguyen Van Troi Street, Phu Nhuan, Ho Chi Minh",4,81,Culture & fun,Topicus Vietnam
Capgemini Vietnam,https://itviec.com/companies/capgemini-vietnam/review,3.2,Ho Chi Minh,"106 Nguyen Van Troi, Phu Nhuan, Ho Chi Minh",4,71,Office & workspace,One of the world leading company in IT services
M_Service (MoMo),https://itviec.com/companies/m_service-momo/review,3.8,Ho Chi Minh,"6th Floor, Phu My Hung Tower, 08 Hoang Van Thai Str, Tan Mỹ Ward, Ho Chi Minh",4,69,Office & workspace,MoMo is Vietnam’s leading mobile e-wallet and over-the-counter (OTC) rem...
DXC Luxoft Vietnam,https://itviec.com/companies/dxc-luxoft-vietnam/review,4.4,Others,"Etown 5, 364 Cong Hoa, Ho Chi Minh",4,40,Management cares about me,Join DXC Vietnam to turbocharge your professional development
Saigon Technology,https://itviec.com/companies/saigon-technology/review,4.1,Ho Chi Minh,"Orchard Parkview Building, 130 – 132 Hong Ha Street, Duc Nhuan, Ho Chi Minh",4,37,Culture & fun,A fast growing software development company in Viet Nam
VPBank,https://itviec.com/companies/vpbank/review,3.5,Ha Noi,"89 Lang Ha, Dong Da, Ha Noi",4,26,Salary & benefits,HOME OF TALENTS
OL Vietnam,https://itviec.com/companies/ol-vietnam/review,4.3,Ho Chi Minh,"Tòa nhà Saigon Trade Center (37 Tôn Đức Thắng), Sai Gon, Ho Chi Minh",4,20,Salary & benefits,OL Vietnam - The Digital Asset Management trusted by top brands and lead...
SHINHAN DS,https://itviec.com/companies/shinhan-ds/review,3.9,Ho Chi Minh,"11th Floor, The Mett Tower, Tran Bach Dang Street, An Khanh, Ho Chi Minh",4,14,Office & workspace,Shinhan DS Vietnam
VinSmart Future,https://itviec.com/companies/vinsmart-future/review,3.8,Ha Noi,"Tòa nhà TechnoPark, Oceanpark, Đa Tốn, Ha Noi",4,14,Salary & benefits,Vin Smart Future
EPOS Vietnam,https://itviec.com/companies/epos-vietnam/review,4.5,Ho Chi Minh,"9 Dinh Tien Hoang, Tan Dinh Ward, Ho Chi Minh",4,13,Office & workspace,Singapore's #1 POS system vendor empowering SMEs with powerful digital s...
Onpoint,https://itviec.com/companies/onpoint/review,3.2,Ho Chi Minh,"AB Building, 27B Nguyen Dinh Chieu, Sai Gon, Ho Chi Minh",4,6,Salary & benefits,"E-commerce solution partner, help brands &amp; retailers become more suc..."
NAVER VIETNAM,https://itviec.com/companies/naver-vietnam/review,4.8,Ho Chi Minh,"4th and 9th Floor, Block B, Viettel Building, 285 Cach Mang Thang Tam Street, Hoa Hung, Ho Chi Minh",3,332,Training & learning,NAVER VIETNAM
RIKKEISOFT,https://itviec.com/companies/rikkeisoft/review,3.7,Ha Noi,"Tầng 18, tòa nhà Vinacomin, 3 Dương Đình Nghệ, Ha Noi",3,109,Culture & fun,Top 30 Công ty IT hàng đầu tại Việt Nam về sản xuất phần mềm
Netcompany,https://itviec.com/companies/netcompany/review,4.4,Ho Chi Minh,"Opal Tower 92 Nguyen Huu Canh Street, Thanh My Tay, Ho Chi Minh",3,98,Office & workspace,Part of a global success and a strong team in Vietnam
NEC Vietnam,https://itviec.com/companies/nec-vietnam/review,3.7,Ho Chi Minh,"9 Floor, Etown 3, 364 Cong Hoa, Tan Binh, Ho Chi Minh",3,52,Office & workspace,ONE OF THE TOP ICT JAPANESE COMPANIES IN VIETNAM
Viettel Group,https://itviec.com/companies/viettel-group/review,3.7,Ha Noi,"Toà nhà Viettel, số 1 Trần Hữu Dực, Từ Liêm, Hà Nội, Tu Liem, Ha Noi",3,45,Office & workspace,SHOW US YOUR WAY
IVC (ISB Vietnam),https://itviec.com/companies/ivc-isb-vietnam/review,3.6,Ho Chi Minh,"Etown 2, 364 Cong Hoa, Tan Binh, Ho Chi Minh",3,33,Office & workspace,ISB Vietnam Company Limited was established in 2003 with 100% investment...
Innotech Vietnam Corporation,https://itviec.com/companies/innotech-vietnam-corporation/review,3.5,Ho Chi Minh,"No.33, Ba Vi Street, Tan Son Nhat, Ho Chi Minh",3,31,Culture & fun,Empowering enterprises with comprehensive AI solutions &amp; core softwa...
GrapeCity,https://itviec.com/companies/grapecity/review,4.1,Ha Noi,"Tầng 12B tòa nhà Machinco, 444 Hoàng Hoa Thám, Tay Ho, Ha Noi",3,27,Salary & benefits,Japanese international enterprise software developer specializing in Mic...
Athena Studio,https://itviec.com/companies/athena-studio/review,4.9,Ho Chi Minh,,3,26,Management cares about me,Athena Studio - A playful workplace for smart and creative talent.
Hansen Technologies,https://itviec.com/companies/hansen-technologies/review,4.6,Ho Chi Minh,"100 Xuan Thuy, An Khanh Ward, Ho Chi Minh",3,23,Office & workspace,Hansen Technologies Limited
DTS Software Vietnam,https://itviec.com/companies/dts-software-vietnam/review,4.0,Ha Noi,"Tầng 3, 266 Đội Cấn, phường Ngọc Hà , Ha Noi",3,20,Management cares about me,EMPOWERING TECH – BUILDING OUR GREEN FUTURE
Daiichi Life Việt Nam,https://itviec.com/companies/daiichi-life-viet-nam/review,4.1,Ho Chi Minh,"149-151 Nguyen Van Troi, Phu Nhuan, Ho Chi Minh",3,18,Salary & benefits,Daiichi Life Việt Nam
HQSOFT,https://itviec.com/companies/hqsoft/review,3.6,Ho Chi Minh,"72 Phan Đăng Lưu, Duc Nhuan, Ho Chi Minh",3,16,Culture & fun,HQSOFT - Distribution & Retail Solution Expert
Simpson Strong-Tie Vietnam,https://itviec.com/companies/simpson-strong-tie-vietnam/review,3.9,Ho Chi Minh,"9th Floor, Etown 6 Building, 364 Cong Hoa Street, Tan Binh Ward, Ho Chi Minh City, Tan Binh, Ho Chi Minh",3,13,Office & workspace,"We provide No-Equal Engineering Services including constructions, mechan..."
PLAYSTUDIOS,https://itviec.com/companies/playstudios/review,4.8,Ha Noi,"UDIC Building, Hoang Dao Thuy Street, Trung Hoa Ward, Cau Giay District, Hanoi City, Ha Noi",3,12,Salary & benefits,playSTUDIOS VIETNAM
Ngân hàng TMCP Tiên Phong | TPBank,https://itviec.com/companies/ngan-hang-tmcp-tien-phong-tpbank/review,3.4,Ha Noi,"57 Lý Thường Kiệt, Cua Nam, Ha Noi",3,11,Salary & benefits,Ngân hàng Thương mại Cổ phần Tiên Phong (TPBank)
Hella Vietnam,https://itviec.com/companies/hella-vietnam/review,4.3,Ho Chi Minh,,3,8,Culture & fun,One of the world‘s leading suppliers to the automotive sector
SSTech,https://itviec.com/companies/sstech/review,4.4,Ho Chi Minh,"SSTECH LTD PTY, Binh Trung, Ho Chi Minh",3,7,Management cares about me,A dynamic agile outsourced software development
GON TECH,https://itviec.com/companies/gon-tech/review,4.5,Ho Chi Minh,"Số 669 Điện Biên Phủ, Phường Thạnh Mỹ Tây, Ho Chi Minh",3,6,Culture & fun,GON TECH
Tinh Van Consulting,https://itviec.com/companies/tinh-van-consulting/review,3.6,Ha Noi,"15 HACINCO Student Village, Ha Noi",3,5,Training & learning,Cung cấp giải pháp Quản lý nguồn nhân lực HiStaff
ABBANK,https://itviec.com/companies/abbank/review,3.7,Ho Chi Minh,,3,3,Management cares about me,Cung ứng các sản phẩm - dịch vụ tài chính ngân hàng trọn gói
FPT Software,https://itviec.com/companies/fpt-software/review,3.7,Ho Chi Minh,"Lô T2, đường D1, Khu CNC, phường Tăng Nhơn Phú, Thành phố Hồ Chí Minh, Việt Nam, Tang Nhon Phu, Ho Chi Minh",2,2196,Office & workspace,The leading provider of software outsourcing services in Vietnam
Gradion,https://itviec.com/companies/gradion/review,4.8,Ho Chi Minh,"Unit No.PF-08 on Podium Floor, Sapphire 2 tower, 92 Nguyen Huu Canh Street, Thanh My Tay Ward, Ho Chi Minh City, Vietnam, Thanh My Tay, Ho Chi Minh",2,565,Management cares about me,"Scaling Business With Digital, Deep Tech & AI"
DXC Vietnam,https://itviec.com/companies/dxc-vietnam/review,3.4,Ho Chi Minh,"eTown 5 Building, 364 Cong Hoa, Tan Binh, Ho Chi Minh",2,313,Office & workspace,We exist to make things happen by mastering the complexity of an exponen...
GFT Technologies Vietnam,https://itviec.com/companies/gft-technologies-vietnam/review,4.8,Ho Chi Minh,"29A Nguyen Dinh Chieu, Sai Gon, Ho Chi Minh",2,156,Salary & benefits,Building technology to revolutionise the Digital Banking with Cloud engi...
LG Electronics Development Vietnam (LGEDV),https://itviec.com/companies/lg-electronics-development-vietnam-lgedv/review,4.3,Ha Noi,"Tầng 3, Tòa Nhà Parkson, số 255 Hùng Vương, Phường Hải Châu, Đà Nẵng, Hai Chau, Da Nang",2,156,Culture & fun,LG Electronics Development Vietnam (LGEDV)
Panasonic Vietnam Group – Panasonic R&D Center Vietnam (PRDCV),https://itviec.com/companies/panasonic-vietnam-group-panasonic-r-d-center-vietnam-prdcv/review,4.4,Ha Noi,"Lotte Tower, 54 Lieu Giai, Ba Dinh, Ha Noi",2,106,Office & workspace,Unlock PRDCV Potential for Future Growth!
GeoComply (GeoTech Hub Vietnam),https://itviec.com/companies/geocomply-geotech-hub-vietnam/review,4.7,Ho Chi Minh,"Tầng 11, Cao ốc Saigon Trade Center, 37 Tôn Đức Thắng, Phường Sài Gòn, Thành phố Hồ Chí Minh, Việt Nam, Ho Chi Minh",2,102,Salary & benefits,Instill confidence in every online interaction.
EPAM Vietnam,https://itviec.com/companies/epam-vietnam/review,4.7,Ho Chi Minh,"Hybrid, Floor 13, MB Sunny Tower, 259 Tran Hung Dao, Cau Ong Lanh, Ho Chi Minh",2,92,Training & learning,"EPAM Systems, Inc. is a leading digital transformation services and prod..."
Grab (Vietnam) Ltd.,https://itviec.com/companies/grab-vietnam-ltd/review,4.7,Ho Chi Minh,,2,86,Culture & fun,Driving Southeast Asia Forward Together
Trusting Social,https://itviec.com/companies/trusting-social/review,4.2,Ho Chi Minh,"Havana Tower - 132 Ham Nghi, Ho Chi Minh",2,81,Salary & benefits,Making Financial Inclusion a Reality using Machine Learning and AI
Thoughtworks Vietnam,https://itviec.com/companies/thoughtworks-vietnam/review,4.9,Ho Chi Minh,"15th Floor, Pearl 5, 5 Le Quy Don, Xuan Hoa Ward, Ho Chi Minh City, Xuan Hoa, Ho Chi Minh",2,38,Training & learning,"A global tech consultancy that integrates design, engineering and AI to ..."
FireGroup,https://itviec.com/companies/firegroup/review,4.4,Ho Chi Minh,"02 Quang Trung Street, Hai Chau, Da Nang",2,35,Culture & fun,FIREGROUP TECHNOLOGY
HSC,https://itviec.com/companies/hsc/review,4.8,Ho Chi Minh,"AB Tower, 76A Le Lai, Ben Thanh, Ho Chi Minh",2,29,Management cares about me,Ho Chi Minh City Securities Corporation (HSC)
Accenture,https://itviec.com/companies/accenture/review,3.6,Ho Chi Minh,"9th Floor, Viettel Tower, 285 Cach Mang Thang 8, Hoa Hung, Ho Chi Minh",2,21,Office & workspace,A global professional services company with leading capabilities in digi...
Mynavi TechTus Vietnam,https://itviec.com/companies/mynavi-techtus-vietnam/review,4.9,Da Nang,"49A Phan Boi Chau Street, Da Nang",2,16,Salary & benefits,WE MAKE SMILES!
Datalogic Việt Nam,https://itviec.com/companies/datalogic-viet-nam/review,3.8,Ho Chi Minh,,2,13,Culture & fun,A 100% foreign owned company belonging to DATALOGIC S.p.A (Italy)
Live Payments,https://itviec.com/companies/live-payments/review,4.5,Ho Chi Minh,"Floor 12, Halo Signature Building, 257 Điện Biên Phủ, Xuan Hoa Ward, Ho Chi Minh City, Ho Chi Minh",2,13,Salary & benefits,Solutions to enable your business
Techcom Securities,https://itviec.com/companies/techcom-securities/review,3.8,Ha Noi,"191 Ba Trieu, Ha Noi",2,12,Culture & fun,Chúng tôi mang đến những trải nghiệm mới về đầu tư tích lũy của bạn!
Vulcan Labs,https://itviec.com/companies/vulcan-labs/review,3.8,Ho Chi Minh,"Vulcan Labs, 11-13-15, Street No. 7, An Khanh Ward, Ho Chi Minh City, An Khanh, Ho Chi Minh",2,11,Office & workspace,Vulcan Labs
Fram,https://itviec.com/companies/fram/review,4.1,Ho Chi Minh,"Floor 20, TNR Tower, 180-192 Nguyen Cong Tru Street, Ben Thanh, Ho Chi Minh",2,10,Office & workspace,The only Swedish-Vietnamese IT company listed on prestigious NASDAQ stoc...
"NEYU Ltd.,",https://itviec.com/companies/neyu-ltd/review,4.8,Ho Chi Minh,"Dong Loi Building, 1160 Lang Street, Lang Ward, Ha Noi, Lang, Ha Noi",2,9,Office & workspace,"NEYU Ltd.,"
Titan DMS,https://itviec.com/companies/titan-dms/review,4.0,Ho Chi Minh,"182 Lê Đại Hành, Ho Chi Minh",2,7,Office & workspace,Titan DMS is a leading developer and supplier of cloud based software so...
Công ty cổ phần Tập đoàn Công nghệ Quảng Ích (QIG),https://itviec.com/companies/cong-ty-co-phan-tap-doan-cong-nghe-quang-ich-qig/review,3.8,Ha Noi,"46 LePARC by Gamuda, Công Viên Yên Sở, Ha Noi",2,6,Office & workspace,Công ty Cổ Phần Phần Mềm Quảng Ích
SPARTAN X TECHNOLOGY,https://itviec.com/companies/spartan-x-technology/review,5.0,Ho Chi Minh,"458 Nguyen Huu Tho, Khue Trung , Da Nang",2,4,Salary & benefits,FOCUS ON NURTURING ENGINEER'S POWER
Con Cưng,https://itviec.com/companies/con-cung/review,3.3,Ho Chi Minh,"5th Floor, Con Cưng Super Center, 09 Nguyen Trai Street, Ben Thanh Ward, Ho Chi Minh City, Ben Thanh, Ho Chi Minh",2,3,Culture & fun,Hệ thống Mẹ & Bé Lớn Nhất Việt Nam
CÔNG TY CỔ PHẦN CHỨNG KHOÁN VPS,https://itviec.com/companies/cong-ty-co-phan-chung-khoan-vps/review,4.0,Ha Noi,"88 Trần Thủ Độ, Yen So, Ha Noi",2,3,Culture & fun,VPS - Kiến Tạo Giá Trị Vượt Trội Và Bền Vững
GAPO,https://itviec.com/companies/gapo/review,4.7,Ha Noi,,2,3,Culture & fun,Mạng xã hội Gapo - Lãnh địa đầy mê hoặc của giới trẻ
IriTech Vietnam,https://itviec.com/companies/iritech-vietnam/review,4.0,Ho Chi Minh,"Tầng 8, toà nhà BCONS TOWER, số 176/1-176/3 Nguyễn Văn Thương, Ho Chi Minh",2,3,Salary & benefits,"IriTech, Inc. is one of world-leading Biometrics Technology providers"
VIHAT Technology,https://itviec.com/companies/vihat-technology/review,4.0,Ho Chi Minh,"140 - 142 Đường số 2, Khu nhà ở Vạn Phúc 1, Hiep Binh, Ho Chi Minh",2,3,Training & learning,Công Ty TNHH Công nghệ VIHAT
TMA Solutions,https://itviec.com/companies/tma-solutions/review,3.2,Ho Chi Minh,"111 Nguyễn Ðình Chính, Phường Cầu Kiệu, TP.HCM, Ho Chi Minh",1,668,Training & learning,TMA Technology Group – Tập đoàn Công nghệ hàng đầu Việt Nam
Creative Force,https://itviec.com/companies/creative-force/review,4.9,Ha Noi,"2nd Floor, Detech II Tower, 107 Nguyen Phong Sac Str, Cau Giay, Ha Noi",1,155,Salary & benefits,"Help the creative industry create their best work, every day."
ELCA,https://itviec.com/companies/elca/review,3.7,Ho Chi Minh,"The CII Tower, 152 Dien Bien Phu Street, Thanh My Tay, Ho Chi Minh",1,120,Training & learning,ELCA Vietnam – A Trusted IT Partner with Swiss Excellence
MTI TECHNOLOGY,https://itviec.com/companies/mti-technology/review,4.6,Ho Chi Minh,"20 Cong Hoa Garden, Cong Hoa, Bay Hien, Ho Chi Minh",1,110,Management cares about me,Best Applied-Agile Methodology and Innovative Company in Vietnam
Scandinavian Software Park,https://itviec.com/companies/scandinavian-software-park/review,4.9,Ha Noi,"Tầng 19, tòa nhà Peakview Tower, 36 Hoàng Cầu, Ô Chợ Dừa, Hà Nội, Dong Da, Ha Noi",1,97,Office & workspace,Scandinavian Software Park is a tech hub for Scandinavia’s market leadin...
SFinance,https://itviec.com/companies/sfinance/review,4.9,Ha Noi,"Gelex Tower, 52 Lê Đại Hành, Hai Ba Trung, Ha Noi",1,90,Salary & benefits,SFinance - Nơi làm việc tốt nhất châu Á
CMC Global,https://itviec.com/companies/cmc-global/review,3.3,Ha Noi,"Tầng 8-9, tòa nhà CMC, 11 Duy Tân, phường Dịch Vọng Hậu, Ha Noi",1,86,Office & workspace,"CMC GLobal, a member of CMC Corporation"
RAKSUL Vietnam,https://itviec.com/companies/raksul-vietnam/review,4.9,Ho Chi Minh,"R.34-01, 34th Floor, Lim Tower 1, 9-11 Ton Duc Thang, Sai Gon, Ho Chi Minh",1,86,Culture & fun,"BETTER SYSTEMS, BETTER WORLD"
"Rakuten Fintech Vietnam Co., Ltd.",https://itviec.com/companies/rakuten-fintech-vietnam-co-ltd/review,4.8,Ho Chi Minh,"24th-25th Floor, A&B Tower, 76A Le Lai Street, Ben Thanh Ward, Ben Thanh, Ho Chi Minh",1,74,Office & workspace,"Rakuten Fintech Vietnam Co., Ltd."
Endava Việt Nam,https://itviec.com/companies/endava-viet-nam/review,4.5,Ho Chi Minh,"9-11 Dong Da Street, Tan Son Hoa, Ho Chi Minh",1,66,Culture & fun,Technology is our how. And people are our why.
Perform.AI,https://itviec.com/companies/perform-ai/review,4.8,Ho Chi Minh,"The Grace Tower, 71, đường Hoàng Văn Thái, Tân Phú,, Tan My, Ho Chi Minh",1,61,Management cares about me,The AI Commerce Operating System for Ambitious Brands
ZIGExN VeNtura,https://itviec.com/companies/zigexn-ventura/review,4.6,Ho Chi Minh,"11F, Vina Building, 131 Xo Viet Nghe Tinh, Gia Dinh Ward, Gia Dinh, Ho Chi Minh",1,60,Culture & fun,Get excited to create Life Media Platforms from Vietnam to the World
Usol Vietnam,https://itviec.com/companies/usol-vietnam/review,3.4,Ha Noi,"Tầng 20, Tháp Hòa Bình, 106 Hoàng Quốc Việt, Nghia Do, Ha Noi",1,49,Culture & fun,USOL VIETNAM - CHALLENGE FOR CHANGE
AMANOTES,https://itviec.com/companies/amanotes/review,4.5,Ho Chi Minh,"141-143 Nguyễn Cơ Thạch, Phường An Khánh, TP Hồ Chí Minh, Ho Chi Minh",1,48,Culture & fun,"We are AMANOTES, a fast-growing startup in the music-tech industry from ..."
Vietlink,https://itviec.com/companies/vietlink/review,4.3,Ho Chi Minh,"2nd Floor, Central Park, 117-119-121 Nguyen Du, Ben Thanh Ward, HCMC, Ben Thanh, Ho Chi Minh",1,39,Management cares about me,Link Up for the Next
Global Fashion Group,https://itviec.com/companies/global-fashion-group/review,4.9,Ho Chi Minh,"Copac Square Building, 12 Tôn Đản, phường 13, Xom Chieu, Ho Chi Minh",1,31,Management cares about me,Global Fashion Group — Build Fashion E-commerce at Scale
UNIT Corp,https://itviec.com/companies/unit-corp/review,3.2,Ho Chi Minh,"374 Vo Van Tan Street, Ban Co, Ho Chi Minh",1,31,Office & workspace,UNIT TECHNOLOGY CORPORATION
HRS Group,https://itviec.com/companies/hrs-group/review,4.7,Ho Chi Minh,"Anna Building, Quang Trung Software City, Trung My Tay, Ho Chi Minh",1,26,Culture & fun,"WE REINVENT HOW BUSINESSES STAY, WORK AND PAY"
Crossian,https://itviec.com/companies/crossian/review,4.4,Ha Noi,"Tầng 1, Tòa nhà Pax Sky, 63-65 phố Ngô Thì Nhậm, Phường Phạm Đình Hổ, Ha Noi",1,25,Salary & benefits,Crossian-Leading and Leveling the playing field for cross-border Ecommerce
Designveloper (DSV),https://itviec.com/companies/designveloper-dsv/review,4.3,Ho Chi Minh,"No. 53-55-57, Pho Duc Chinh street, Ben Thanh, Ho Chi Minh",1,24,Culture & fun,"Designveloper is a youthful &amp; innovative team expertise in web, soft..."
DIGI-TEXX VIETNAM,https://itviec.com/companies/digi-texx-vietnam/review,3.7,Ho Chi Minh,"Anna Building, Quang Trung Software City, Trung My Tay, Ho Chi Minh",1,23,Culture & fun,A Leading BPO Company in Vietnam | Transformation Happens Here | Digital...
Buymed,https://itviec.com/companies/buymed/review,4.0,Ho Chi Minh,"Vincom Center Đồng Khởi, 45A Lý Tự Trọng, p. Bến Nghé,, Ho Chi Minh",1,22,Salary & benefits,Significantly impact healthcare by solving complex issues
Contemi Vietnam,https://itviec.com/companies/contemi-vietnam/review,4.1,Ho Chi Minh,"6th Floor, Van Thanh Tower, 602/27 Dien Bien Phu, Ward 22,, Ho Chi Minh",1,22,Training & learning,Contemi is a trusted name in the global financial technology industry
Spiraledge,https://itviec.com/companies/spiraledge/review,3.4,Ho Chi Minh,"Khu biệt thự Kim Sơn - 112/18 Nguyễn Văn Hưởng, An Khanh, Ho Chi Minh",1,20,Office & workspace,Spiraledge is a leading internet retailer and healthy living company hea...
Deliveree On-Demand Logistics,https://itviec.com/companies/deliveree-on-demand-logistics/review,4.0,Ho Chi Minh,"1/12 Hoàng Việt, Tan Son Nhat, Ho Chi Minh",1,19,Office & workspace,"At Deliveree, we disrupt the logistics industry with technologies."
IVS,https://itviec.com/companies/ivs/review,3.2,Ho Chi Minh,"180 - 182 Lý Chính Thắng, Nhieu Loc, Ho Chi Minh",1,19,Culture & fun,IVS cooperated and developed with Japan in area of offshore and software...
NEXON DEV VINA,https://itviec.com/companies/nexon-dev-vina/review,4.3,Ho Chi Minh,"UOA Tower, 11th Floor, 06 Tan Trao Street, Tan My, Ho Chi Minh",1,19,Office & workspace,NEXON DEV VINA
Katalon,https://itviec.com/companies/katalon/review,4.4,Ho Chi Minh,"Viettel Building, 285 Cach Mang Thang Tam Street, Hoa Hung, Ho Chi Minh",1,18,Office & workspace,A category leader in AI-augmented software testing
Viettel Post (A Member of Viettel Group),https://itviec.com/companies/viettel-post-a-member-of-viettel-group/review,3.4,Ha Noi,"Số 2, Ngõ 15, Duy Tân, Cau Giay, Ha Noi",1,17,Salary & benefits,Viettel Post ( A Member of Viettel Group )
GiMASYS,https://itviec.com/companies/gimasys/review,3.6,Ha Noi,"Tòa nhà Hàn Việt, 203 Minh Khai, p. Bạch Mai, Hà Nội, Bach Mai, Ha Noi",1,16,Office & workspace,Gimasys là đối tác chiến lược hơn 20 năm của các hãng công nghệ lớn: Ora...
iDeaLogic,https://itviec.com/companies/idealogic/review,4.1,Ho Chi Minh,"117 Ly Chinh Thang Street, Xuan Hoa, Ho Chi Minh",1,16,Training & learning,Sofware Solutions
"PERSOL CROSS TECHNOLOGY VIETNAM CO., LTD.",https://itviec.com/companies/persol-cross-technology-vietnam-co-ltd/review,3.4,Ho Chi Minh,"117 Ly Chinh Thang, Ho Chi Minh",1,16,Office & workspace,Persol Cross Technology Việt Nam (PXTV) is a Japanese IT solution compan...
Rakus Vietnam Company,https://itviec.com/companies/rakus-vietnam-company/review,5.0,Ho Chi Minh,"Tầng 6, Tòa Nhà 3 Bees Tower, 281 Nguyễn Văn Trỗi,, Phu Nhuan, Ho Chi Minh",1,14,Management cares about me,Our cloud services are No.1 market share in back-office web services in ...
RiverCrane Vietnam,https://itviec.com/companies/rivercrane-vietnam/review,3.0,Ho Chi Minh,"9F Havana Tower, 132 Ham Nghi Street, Ben Thanh, Ho Chi Minh",1,14,Management cares about me,Hãy cùng chúng tôi xây dựng và phát triển RiverCrane vững mạnh cùng với ...
SACOMBANK,https://itviec.com/companies/sacombank/review,3.5,Ho Chi Minh,"Nam Ky Khoi Nghia, Xuan Hoa, Ho Chi Minh",1,14,Culture & fun,Đồng hành cùng phát triển
Saritasa,https://itviec.com/companies/saritasa/review,4.4,Ho Chi Minh,"Tầng 7, toà nhà L’Mak Long Tower, số 101-103 Nguyễn Cửu Vân, Gia Dinh, Ho Chi Minh",1,14,Management cares about me,Your scalable-total-IT-solution service company.
8Seneca,https://itviec.com/companies/8seneca/review,4.7,Ha Noi,"19F, Coninco Tower 4 Tôn Thất Tùng, Kim Lien, Ha Noi",1,13,Office & workspace,Pure play IT team extensions B2b exclusive outsourcing of highly qualifi...
bbv Vietnam,https://itviec.com/companies/bbv-vietnam/review,4.3,Ho Chi Minh,"Anna Building, QTSC, Trung My Tay, Ho Chi Minh",1,12,Salary & benefits,"bbv Vietnam stands for top quality in consulting, first class software e..."
IMIP Technology And Solution Consultancy,https://itviec.com/companies/imip-technology-and-solution-consultancy/review,4.1,Ha Noi,"Tầng 5, Tòa nhà Lucky, số 81 Trần Thái Tông, Cau Giay, Ha Noi",1,12,Salary & benefits,"IMIP specializes in productivity solutions for scanning, marketing autom..."
Offspring Digital Viet Nam,https://itviec.com/companies/offspring-digital-viet-nam/review,4.3,Ha Noi,"249A Thuy Khue, Tay Ho, Ha Noi",1,9,Office & workspace,"We are a boutique digital production studio, that works with Australian ..."
Ataccama,https://itviec.com/companies/ataccama/review,5.0,Ha Noi,"Phòng 325, Tầng 3, Tháp C, Tòa nhà Udic Complex, Đường Hoàng Đạo Thúy, Phường Yên Hòa, Ha Noi",1,8,Training & learning,Ataccama
Prime Labo Technology,https://itviec.com/companies/prime-labo-technology/review,3.3,Ho Chi Minh,"145 Dien Bien Phu, Ho Chi Minh",1,8,Culture & fun,"Prime Labo is IT company, 100% owned by Japanese"
Ambition Vietnam,https://itviec.com/companies/ambition-vietnam/review,4.4,Ho Chi Minh,"7th floor, Loyal building, 151 Đường Võ Thị Sáu , Xuan Hoa, Ho Chi Minh",1,7,Management cares about me,"AMBITION VIETNAM CO., LTD. (https://am-bition.vn)"
Euroland Asia,https://itviec.com/companies/euroland-asia/review,4.4,Ha Noi,"1 Thai Ha, Dong Da, Ha Noi",1,7,Culture & fun,"Euroland IR Vietnam - Công ty phần mềm tài chính, quan hệ nhà đầu tư hàn..."
Galaxy Technology Services,https://itviec.com/companies/galaxy-technology-services/review,3.3,Ho Chi Minh,"Tòa nhà Galaxy Innovation Hub (GIHUB), Đường D1 Khu công nghệ cao, Ho Chi Minh",1,7,Office & workspace,Galaxy Technology
soxes AG,https://itviec.com/companies/soxes-ag/review,4.1,Ho Chi Minh,"Estar Building, 147-149 Vo Van Tan St., , Xuan Hoa, Ho Chi Minh",1,7,Salary & benefits,www.soxes.ch
CÔNG TY CỔ PHẦN DEV FROMVIETNAM,https://itviec.com/companies/cong-ty-co-phan-dev-fromvietnam/review,4.3,Ha Noi,"8 Lê Quang Đạo, Ha Noi",1,6,Culture & fun,From Vietnam to the World
INTOWELL,https://itviec.com/companies/intowell/review,4.0,Ha Noi,"Tầng 4, tòa nhà Lucky, số 81 Trần Thái Tông, phường Cầu Giấy, Ha Noi",1,6,Office & workspace,"Health and Care, Everywhere"
VOYAGER INC,https://itviec.com/companies/voyager-inc/review,5.0,Ho Chi Minh,"Floor 02, SBI Building, Street 03, Quang Trung Software City, Tan Chanh Hiep Ward, Ho Chi Minh",1,6,Management cares about me,VOYAGER INC
Avenue,https://itviec.com/companies/avenue/review,4.4,Ho Chi Minh,"Garden Plaza 1, Ho Chi Minh",1,5,Training & learning,World class implementer of IBM Maximo EAM software
FUJIFILM Business Innovation Việt Nam,https://itviec.com/companies/fujifilm-business-innovation-viet-nam/review,5.0,Ha Tinh,"20th Floor, Hallmark Building, No.15 Tran Bach Dang Street, An Khanh, Ho Chi Minh",1,5,Training & learning,FUJIFILM Business Innovation Việt Nam
S4BT Solutions for Business Travel.,https://itviec.com/companies/s4bt-solutions-for-business-travel/review,4.8,Ho Chi Minh,"Five Star Tower, 28bis Mạc Đĩnh Chi, Sai Gon, Ho Chi Minh",1,5,Salary & benefits,PROVEN SOLUTIONS FOR TODAY’S BUSINESS TRAVEL NEEDS
Unity Sport JSC,https://itviec.com/companies/unity-sport-jsc/review,5.0,Ho Chi Minh,"5th Floor – Lumiere Building, 628A Vo Nguyen Giap street, An Khanh Ward , An Khanh, Ho Chi Minh",1,5,Office & workspace,Xây dựng nền tảng dữ liệu thời gian thực cho hàng triệu người dùng toàn cầu
VNtravel Group,https://itviec.com/companies/vntravel-group/review,3.6,Ha Noi,"20th Floor, HUD Tower, 37 Le Van Luong, Thanh Xuan, Ha Noi, Thanh Xuan, Ha Noi",1,5,Office & workspace,VNTravel Group - Re:Invent Travel
Aviron,https://itviec.com/companies/aviron/review,4.5,Ho Chi Minh,"30 Ap Bac, Tan Binh, Ho Chi Minh",1,4,Culture & fun,Bring Your A Game
Cube System Việt Nam,https://itviec.com/companies/cube-system-viet-nam/review,4.0,Ho Chi Minh,"4th Floor, ICT2 (Tech Valley) Building, Lot 46, Quang Trung Software City, Trung My Tay, Ho Chi Minh",1,4,Management cares about me,Công ty TNHH Cube System Việt Nam
Floware,https://itviec.com/companies/floware/review,4.8,Ho Chi Minh,"43D/52 Hồ Văn Huê, Duc Nhuan, Ho Chi Minh",1,4,Management cares about me,"Floware designs, develops, and distributes productivity software"
Công Ty Cổ Phần Tập Đoàn Meey Land,https://itviec.com/companies/cong-ty-co-phan-tap-doan-meey-land/review,5.0,Ha Noi,"Petrowaco Tower, 97 - 99 Lang Ha Street, Dong Da, Ha Noi",1,3,Salary & benefits,Meey Land
Golden Gate,https://itviec.com/companies/golden-gate/review,4.7,Ha Noi,"315 Trường Chinh, Ha Noi",1,3,Culture & fun,Golden Gate Restaurant Group is recognized as the leading restaurant cha...
IncepIT,https://itviec.com/companies/incepit/review,5.0,Ho Chi Minh,"19A Cong Hoa, Floor 3 Scetpa Building, Ho Chi Minh",1,3,Management cares about me,Just Do The Right Thing
MAPLE LABS,https://itviec.com/companies/maple-labs/review,4.3,Ho Chi Minh,,1,3,Management cares about me,_ Enjoying the never-ending pleasure of building the new apps _
MEGAZONE,https://itviec.com/companies/megazone/review,4.0,Ha Noi,"54 Lieu Giai, Ha Noi",1,3,Office & workspace,Cloud Innovator
NGS,https://itviec.com/companies/ngs/review,4.3,Ha Noi,"Tầng 4, tòa 6th Element Nguyễn Văn Huyên, Hà Nội, Nghia Do, Ha Noi",1,3,Management cares about me,CÔNG TY CỔ PHẦN THIẾT BỊ VÀ TRUYỀN THÔNG NGS
Pizza Hut Vietnam (Pizza Vietnam Ltd.),https://itviec.com/companies/pizza-hut-vietnam-pizza-vietnam-ltd/review,3.0,Ho Chi Minh,"4th Floor, The Sentry P, 16 Nguyen Dang Giai, An Khanh, Ho Chi Minh",1,3,Management cares about me,Pizza Hut Vietnam (Pizza Vietnam Ltd.)
Seven System Vietnam,https://itviec.com/companies/seven-system-vietnam/review,5.0,Ho Chi Minh,"Cobi Tower II, No. 2-4, Street No. 8, Tan Phu Ward, Ho Chi Minh",1,3,Culture & fun,Hire great people and give them freedom to be awesome.
Tổng công ty Tân Cảng Sài Gòn (Saigon NewPort Corporation),https://itviec.com/companies/tong-cong-ty-tan-cang-sai-gon-saigon-newport-corporation,,Ho Chi Minh,"722 Điện Biên Phủ, Thanh My Tay, Ho Chi Minh",,,,
NGÂN HÀNG THƯƠNG MẠI TNHH MTV KỶ NGUYÊN THỊNH VƯỢNG (GPBANK),https://itviec.com/companies/ngan-hang-thuong-mai-tnhh-mtv-ky-nguyen-thinh-vuong-gpbank,,Ha Noi,"18 Phạm Hùng, Tu Liem, Ha Noi",,,,
Công Ty Cổ Phần Chứng Khoán Dầu Khí (Psi),https://itviec.com/companies/cong-ty-co-phan-chung-khoan-dau-khi-psi,,Ha Noi,"18 Lý Thường Kiệt, Ha Noi",,,,
F9Play Game Studio,https://itviec.com/companies/f9play-game-studio,,Ho Chi Minh,"99 Cong Hoa, Tan Binh, Ho Chi Minh",,,,
Safetrust,https://itviec.com/companies/safetrust,,Ho Chi Minh,"HCM City, Tan Thuan, Ho Chi Minh",,,,
,https://itviec.com/companies/flodesk,,,,,,,
LEAP,https://itviec.com/companies/leap,,Ho Chi Minh,"L17-11 Floor 17, Vincom Center, 72 Le Thanh Ton, Sai Gon, Ho Chi Minh",,,,
Công Ty Star Telecom (Unitel) - Trực Thuộc Tập Đoàn Công Nghiệp - Viễn Thông Quân Đội Viettel,https://itviec.com/companies/cong-ty-star-telecom-unitel-truc-thuoc-tap-doan-cong-nghiep-vien-thong-quan-doi-viettel,,Ha Noi,"No.29 Mac Thai Tong Street, Cau Giay, Ha Noi",,,,
Saigon New Port,https://itviec.com/companies/saigon-new-port,,Ho Chi Minh,"1295 1295B, Nguyễn Thị Định, Phường Cát Lái, Cat Lai, Ho Chi Minh",,,,
IDEAL LIFE JSC – IZIon24,https://itviec.com/companies/ideal-life-jsc-izion24,,Ho Chi Minh,"6th Floor, Phuong Long 2, 16 Nguyen Truong To, Xom Chieu, Ho Chi Minh",,,,
CÔNG TY TNHH ĐẦU TƯ TMDV TRÀNG AN,https://itviec.com/companies/cong-ty-tnhh-dau-tu-tmdv-trang-an,,Ninh Binh,"TDP Tân Thành 1, Phường Hoa Lư, Ninh Binh",,,,
Công ty Cổ phần YouPass,https://itviec.com/companies/cong-ty-co-phan-youpass,,Ho Chi Minh,"Số 213/9 Nguyễn Gia Trí, Phường Thạnh Mỹ Tây, Thành phố Hồ Chí Minh, Việt Nam, Thanh My Tay, Ho Chi Minh",,,,
Nami Technology Joint Stock Company,https://itviec.com/companies/nami-technology-joint-stock-company,,Ha Noi,"Dreamland Bonanza Building, 23 Duy Tan, Cau Giay, Ha Noi",,,,
VSEC,https://itviec.com/companies/vsec,,Ha Noi,"Tòa nhà G Group, số 5 Nguyễn Thị Duệ, Yên Hòa, Cầu Giấy. , Ha Noi",,,,
CÔNG TY TNHH DỊCH VỤ GIÁ TRỊ GIA TĂNG GOLDENGATE,https://itviec.com/companies/cong-ty-tnhh-dich-vu-gia-tri-gia-tang-goldengate,,Ha Noi,"Phòng 605, Tầng 6, tháp B, tòa nhà Hongkong Tower, 243A la thành, láng thượng, Dong Da, Ha Noi",,,,
ATOMI DIGITAL,https://itviec.com/companies/atomi-digital,,Ha Noi,"Số 17 Tông Đản, Tràng Tiền, Ha Noi",,,,
Tập đoàn ROX (ROX Group),https://itviec.com/companies/tap-doan-rox-rox-group,,Ha Noi,"ROX Tower, 54A Nguyen Chi Thanh, phuong Lang, Lang, Ha Noi",,,,
AcceleratorApp,https://itviec.com/companies/acceleratorapp,,Overseas,Overseas,,,,
SPG (Specific Group Vietnam),https://itviec.com/companies/spg-specific-group-vietnam,,Ho Chi Minh,"19 Cao Thắng, Ban Co, Ho Chi Minh",,,,
MB Life,https://itviec.com/companies/mb-life,,Ha Noi,"Tầng 15, tòa nhà MB – 21 Cát Linh, O Cho Dua, Ha Noi",,,,
VNGGames,https://itviec.com/companies/vnggames,,Ho Chi Minh,"Z06 Street No. 13, Tan Thuan Dong Ward, Tan Thuan, Ho Chi Minh",,,,
SIRAYA TECHNOLOGIES PTE. LTD.,https://itviec.com/companies/siraya-technologies-pte-ltd,,Ho Chi Minh,"Phòng 24.03, Lầu 24, Tòa nhà Pearl Plaza, 561A Điện Biên Phủ, Binh Thanh, Ho Chi Minh",,,,
YUM! Digital & Technology,https://itviec.com/companies/yum-digital-technology,,Ho Chi Minh,"Block C, 4th floor, Waseco building, 10 Pho Quang,, Tan Son Hoa, Ho Chi Minh",,,,
AA Corporation,https://itviec.com/companies/aa-corporation,,Ho Chi Minh,"199C Nguyen Van Huong, An Khanh, Ho Chi Minh",,,,
ST Engineering,https://itviec.com/companies/st-engineering,,Ho Chi Minh,"257 Dien Bien Phu , Xuan Hoa, Ho Chi Minh",,,,
Công ty TNHH RENDA,https://itviec.com/companies/cong-ty-tnhh-renda,,Ho Chi Minh,"241 Điện Biên Phủ , Xuan Hoa, Ho Chi Minh",,,,
SkyLab,https://itviec.com/companies/skylab,,Ho Chi Minh,"Tầng 6, Robot Tower, 308 - 308C Điện Biên Phủ, Xuan Hoa, Ho Chi Minh",,,,
CÔNG TY TNHH DU LỊCH WAYFINDER HOLIDAYS,https://itviec.com/companies/cong-ty-tnhh-du-lich-wayfinder-holidays,,Ha Noi,"Tầng 5, số 55 Xuân La, Phường Tây Hồ, Ha Noi",,,,
Simple Tech Investment,https://itviec.com/companies/simple-tech-investment,,Ho Chi Minh,"402 Nguyễn Thị Minh Khai, Ho Chi Minh",,,,
EMCT Company Limited,https://itviec.com/companies/emct-company-limited,,Ho Chi Minh,"1B Hoang Dieu, Xom Chieu, Ho Chi Minh",,,,
Ifinancial VN,https://itviec.com/companies/ifinancial-vn,,Ho Chi Minh,"Suite 5A, GB Tower, 78-80 CMT8, Xuan Hoa, Ho Chi Minh",,,,
TON Corporation,https://itviec.com/companies/ton-corporation,,Ho Chi Minh,"5A, đường số 5, khu phố 4, phường An Khánh, Hồ Chí Minh, Ho Chi Minh",,,,
Betrimex,https://itviec.com/companies/betrimex,,Bến Tre,"Số 75, Đường 30/4, P. 3, Bến Tre",,,,
CTCP SÀN GIAO DỊCH TÀI SẢN MÃ HÓA VIỆT NAM THỊNH VƯỢNG (CAEX),https://itviec.com/companies/ctcp-san-giao-dich-tai-san-ma-hoa-viet-nam-thinh-vuong-caex,,Ha Noi,"Tầng 04, Tòa nhà số 5 Điện Biên Phủ, Ba Dinh, Ha Noi",,,,
"SalesNow Co., Ltd.",https://itviec.com/companies/salesnow-co-ltd,,Japan,"Shibuya, Tokyo, Japan",,,,
CÔNG TY TNHH NEXLAB IT SOLUTIONS,https://itviec.com/companies/cong-ty-tnhh-nexlab-it-solutions,,Ho Chi Minh,"Số 20 đường Sông Thao, Tan Son Hoa, Ho Chi Minh",,,,
SSI Securities Corporation,https://itviec.com/companies/ssi-securities-corporation,,Ho Chi Minh,"72 Nguyễn Huệ, Ho Chi Minh",,,,
Ngân hàng TNHH MTV Việt Nam Hiện Đại (MBV),https://itviec.com/companies/ngan-hang-tnhh-mtv-viet-nam-hien-dai-mbv,,Ho Chi Minh,"Số 8 đường Nguyễn Huệ, Sai Gon, Ho Chi Minh",,,,
CÔNG TY CP COWATECH MIỀN TRUNG,https://itviec.com/companies/cong-ty-cp-cowatech-mien-trung,,Quang Ngai,"290 Võ Nguyên Giáp, Truong Quang Trong, Quang Ngai",,,,
ITviec Recruitment Consulting,https://itviec.com/companies/itviec-recruitment-consulting,,Ha Noi,"City, Ha Noi",,,,
Vortech Service Company Limited,https://itviec.com/companies/vortech-service-company-limited,,Ho Chi Minh,"The Hallmark Building, 15 Tran Bach Dang Street, An Khanh Ward, Ho Chi Minh City, An Khanh, Ho Chi Minh",,,,
,https://itviec.com/companies/protonx,,,,,,,
Trek 2000 International,https://itviec.com/companies/trek-2000-international,,Ho Chi Minh,"279 Cong Hoa, Ho Chi Minh",,,,
Supercent VN,https://itviec.com/companies/supercent-vn,,Ho Chi Minh,"L27.01, 27th Floor, Tower A, 15 Tran Bach Dang Street, An Khanh, Ho Chi Minh",,,,
CÔNG TY TNHH DTE VENTURES,https://itviec.com/companies/cong-ty-tnhh-dte-ventures,,Ho Chi Minh,"Y12 Hồng Lĩnh, Phường Hòa Hưng, TP. HCM, Hoa Hung, Ho Chi Minh",,,,
Swisslog Vietnam,https://itviec.com/companies/swisslog-vietnam,,Ho Chi Minh,"324-326-328 Lê Văn Sỹ, Tan Son Hoa, Ho Chi Minh",,,,
SAVIS Vietnam,https://itviec.com/companies/savis-vietnam,,Ha Noi,"9th floor, Viet A Tower, 9 Duy Tan., Ha Noi",,,,
Mercatus,https://itviec.com/companies/mercatus,,Ho Chi Minh,"9th Floor, Dreamplex Building,195 Đien Bien Phu, Gia Dinh Ward, Gia Dinh, Ho Chi Minh",,,,
Levinci Group,https://itviec.com/companies/levinci-group,,Ho Chi Minh,"L'Mark, The Venture, 62 Tran Huy Lieu, Phu Nhuan, Ho Chi Minh",,,,
CÔNG TY TNHH CODA RESOURCES VN,https://itviec.com/companies/cong-ty-tnhh-coda-resources-vn,,Tay Ninh,"B5-B6 Đường số 1, KCN Thuận Đạo , Bến Lức, Tây Ninh, Việt Nam, Ben Luc, Tay Ninh",,,,
SourceCode,https://itviec.com/companies/sourcecode,,Ho Chi Minh,"., Ho Chi Minh",,,,
Beyondsoft Technology (Vietnam) Company Limited,https://itviec.com/companies/beyondsoft-technology-vietnam-company-limited,,Ho Chi Minh,"32 Pham Ngoc Thach, Xuan Hoa, Ho Chi Minh",,,,
,https://itviec.com/companies/onsky-health-viet-nam,,,,,,,
CÔNG TY TNHH CÔNG NGHỆ B2B,https://itviec.com/companies/cong-ty-tnhh-cong-nghe-b2b,,Ho Chi Minh,"Tầng 12N, Tòa nhà Cienco4, 180 Nguyễn Thị Minh Khai, Phường Xuân Hòa, Ho Chi Minh",,,,
Intelligent T&E (ExecutionLab),https://itviec.com/companies/intelligent-t-e-executionlab,,Ho Chi Minh,"Room 802 , Block B, Waseco Building, No. 10 Pho Quang St., Tan Son Hoa, Ho Chi Minh",,,,
Doraverse JSC - Tech & AI,https://itviec.com/companies/doraverse-jsc-tech-ai,,Da Nang,"3rd Floor, HB Building, 433-435 Nguyen Huu Tho, Cam Le, Da Nang",,,,
CyberQuote Pte Ltd,https://itviec.com/companies/cyberquote-pte-ltd,,Ha Noi,"15&16th Floor, SUDICO HH3 Tower, Me Tri Street, Tu Liem, Ha Noi",,,,
IDM Vietnam (International Digital Media),https://itviec.com/companies/idm-vietnam-international-digital-media,,Ho Chi Minh,"193 Dinh Tien Hoang, Tan Dinh, Ho Chi Minh",,,,
UpBase,https://itviec.com/companies/upbase,,Ha Noi,"Tầng 3, toà Hanoi Centerpoint, 27 Lê Văn Lương, Thanh Xuan, Ha Noi",,,,
Maybank Investment Bank,https://itviec.com/companies/maybank-investment-bank,,Ho Chi Minh,"Pearl 5 Tower, No. 5 Le Quy Don Street, Xuan Hoa, Ho Chi Minh",,,,
Motorola Solutions,https://itviec.com/companies/motorola-solutions,,Ho Chi Minh,"The Hallmark Building L07.01, Floor 7, Tower A 15 Tran Bach Dang Street, An Khanh Ward, Thu Duc City, Ho Chi Minh City, Vietnam, An Khanh, Ho Chi Minh",,,,
FIZEN,https://itviec.com/companies/fizen,,Ha Noi,"Parkson Viet Tower, 1 Thai Ha, Ha Noi",,,,
Ingenico Vietnam,https://itviec.com/companies/ingenico-vietnam,,Ha Noi,"360 Kim Mã, Ha Noi",,,,
Digital Unicorn,https://itviec.com/companies/digital-unicorn,,Da Nang,"17th Floor, VietinBank Building, 36 Tran Quoc Toan Street, Da Nang, Hai Chau, Da Nang",,,,
Sora Technologies,https://itviec.com/companies/sora-technologies,,Ha Noi,"G1 Vinhomes Greenbay, Mễ Trì, Nam Từ Liêm, Ha Noi",,,,
HD Securities Corporation,https://itviec.com/companies/hd-securities-corporation,,Ho Chi Minh,"23A-B Nguyễn Đình Chiểu, P. Sài Gòn, TP. Hồ Chí Minh, Sai Gon, Ho Chi Minh",,,,
Innova -Software Research and Development,https://itviec.com/companies/innova-software-research-and-development,,Ho Chi Minh,"364 Cong Hoa, Ho Chi Minh",,,,
VPDD FEELDX PTY LTD tại TP.HCM,https://itviec.com/companies/vpdd-feeldx-pty-ltd-tai-tp-hcm,,Ho Chi Minh,"Tầng G, 63A Nam Kỳ Khởi Nghĩa, Phường Bến Thành, Ho Chi Minh",,,,
"SOFTFLEX LLC CO.,LTD",https://itviec.com/companies/softflex-llc-co-ltd,,Ha Noi,"Epic tower, Lane 19 Duy Tan street, Cau Giay, Ha Noi",,,,
AMB Software Services Limited,https://itviec.com/companies/amb-software-services-limited,,Ho Chi Minh,"Location 1: Tầng 14, Tòa Nhà HM Town, 412 Nguyễn Thị Minh Khai, Phường Bàn Cờ, TP Hồ Chí Minh, Việt Nam, Ban Co, Ho Chi Minh",,,,
MBAMC,https://itviec.com/companies/mbamc,,Ha Noi,"Tòa nhà 175 Giảng Võ, Ha Noi",,,,
Smartbit Technology,https://itviec.com/companies/smartbit-technology,,Ho Chi Minh,"Nguyen Van Troi Street, Ho Chi Minh City, Vietnam, Phu Nhuan, Ho Chi Minh",,,,
Fundiin,https://itviec.com/companies/fundiin,,Ho Chi Minh,"Tầng 7, tòa Lottery Tower, 77 Trần Nhân Tôn, An Dong, Ho Chi Minh",,,,
,https://itviec.com/companies/t2-soft-company-limited,,,,,,,
Arches,https://itviec.com/companies/arches,,Ho Chi Minh,"19-21 Tân Cảng , Thanh My Tay, Ho Chi Minh",,,,
ISV Vietnam,https://itviec.com/companies/isv-vietnam,,Ho Chi Minh,"Tòa nhà VFC, Số 29 Tôn Đức Thắng, Sai Gon, Ho Chi Minh",,,,
Công ty Cổ phần Nha khoa Quốc tế Sing,https://itviec.com/companies/cong-ty-co-phan-nha-khoa-quoc-te-sing,,Ha Noi,"12 ngõ 58 Nguyễn Chí Thanh, Lang, Ha Noi",,,,
"Net Protections Vietnam Co., Ltd.",https://itviec.com/companies/net-protections-vietnam-co-ltd,,Ho Chi Minh,"87A Ham Nghi, Nguyen Thai Binh ward, Ho Chi Minh",,,,
Digital Innovation,https://itviec.com/companies/digital-innovation,,Ha Noi,"Tòa Audi Hà Nội, số 8 Phạm Hùng, Ha Noi",,,,
CÔNG TY TNHH NEXFUL,https://itviec.com/companies/cong-ty-tnhh-nexful,,Ho Chi Minh,"109 Cộng Hòa, Bay Hien, Ho Chi Minh",,,,
Công ty TNHH SR GROUP,https://itviec.com/companies/cong-ty-tnhh-sr-group,,Ho Chi Minh,"Hồ Chí Minh, Binh Trung, Ho Chi Minh",,,,
FUTURE TECH VIET NAM,https://itviec.com/companies/future-tech-viet-nam,,Ha Noi,"Sao Biển 23-85, Vinhomes Ocean Park, Gia Lâm, Ha Noi",,,,
AlphaSphere,https://itviec.com/companies/alphasphere,,Ho Chi Minh,"L'Mak Building, 127 Hong Ha, Duc Nhuan, Ho Chi Minh",,,,
BIDV Securities Company (BSC),https://itviec.com/companies/bidv-securities-company-bsc,,Ha Noi,"Tầng 8, tầng 9 LPB Tower số 210 Trần Quang Khải, Hoan Kiem, Ha Noi",,,,
,https://itviec.com/companies/cloudteam,,,,,,,
CÔNG TY TNHH AGENCY NỘI BÀI,https://itviec.com/companies/cong-ty-tnhh-agency-noi-bai,,Ha Noi,"85 Hạ Đình, Khương Đình, Thanh Xuân, Ha Noi",,,,
VDCD Software,https://itviec.com/companies/vdcd-software,,Ha Noi,"Tòa nhà Cienco 8, 18 Hồ Đắc Di, Đống Đa Hà Nội , Dong Da, Ha Noi",,,,
Công ty Cổ phần Công nghệ DP Unity,https://itviec.com/companies/cong-ty-co-phan-cong-nghe-dp-unity,,Ho Chi Minh,"331 Nguyễn Trọng Tuyển, P.10, Ho Chi Minh",,,,
Ngân hàng TMCP Phương Đông | OCB,https://itviec.com/companies/ngan-hang-tmcp-phuong-dong-ocb,,Ho Chi Minh,"The Hallmark Building, 15 Tran Bach Dang Street, An Khanh, Ho Chi Minh",,,,
Công ty TNHH Schoeller-Bleckmann Việt Nam,https://itviec.com/companies/cong-ty-tnhh-schoeller-bleckmann-viet-nam,,Ho Chi Minh,"Lô B2.6, Đường D3, KCN Đồng An 2, TP. Thủ Dầu Một, Bình Dương, Ho Chi Minh",,,,
Công ty TNHH TK Soft Lab,https://itviec.com/companies/cong-ty-tnhh-tk-soft-lab,,Ha Noi,"Tháp A, Keangnam, Dương Đình Nghệ, Yên Hòa, Hà Nội, Yen Hoa, Ha Noi",,,,
Sun Group,https://itviec.com/companies/sun-group,,Ha Noi,"Sun Ancora, 03 Lương Yên, Hai Ba Trung, Ha Noi",,,,
Công ty TNHH SKYDEV,https://itviec.com/companies/cong-ty-tnhh-skydev,,Ho Chi Minh,"106 Nguyễn Văn Kỉnh, Phường Cát Lái, Ho Chi Minh",,,,
PVcomBank,https://itviec.com/companies/pvcombank,,Ha Noi,"22 Ngo Quyen, Cua Nam, Ha Noi",,,,
Ecotek,https://itviec.com/companies/ecotek,,Ha Noi,"180 Triệu Việt Vương, Phường Nguyễn Du, Ha Noi",,,,
SoftRoad Việt Nam,https://itviec.com/companies/softroad-viet-nam,,Ha Noi,"35th floor, Rox Tower, No 136 Ho Tung Mau, Tu Liem, Ha Noi",,,,
MYMIND,https://itviec.com/companies/mymind,,Ho Chi Minh,"Betrimex Building, No. 63 Cao Thang Street, Ban Co, Ho Chi Minh",,,,
CÔNG TY CỔ PHẦN CHỨNG KHOÁN KAFI,https://itviec.com/companies/cong-ty-co-phan-chung-khoan-kafi,,Ho Chi Minh,"Sailing Tower, 111A Pasteur, Ward Sai Gon, Ho Chi Minh",,,,
,https://itviec.com/companies/cong-ty-co-phan-thiet-ke-guru,,,,,,,
Flexspace Technologies Inc.,https://itviec.com/companies/flexspace-technologies-inc,,Ho Chi Minh,"39 Nguyễn Duy Hiệu, An Khanh, Ho Chi Minh",,,,
TrustedAI,https://itviec.com/companies/trustedai,,Ha Noi,"Tầng 06, Số 385 Hoàng Quốc Việt, Phường Nghĩa Đô, Ha Noi",,,,
Finhay,https://itviec.com/companies/finhay,,Ha Noi,"8th Floor, Capital Building, 58 Kim Ma Street, Ba Dinh, Ha Noi",,,,
Công Ty TNHH Clever Creations Tech,https://itviec.com/companies/cong-ty-tnhh-clever-creations-tech,,Ho Chi Minh,"459 Sư Vạn Hạnh, Phường 12, Hoa Hung, Ho Chi Minh",,,,
Abc Studio Việt Nam,https://itviec.com/companies/abc-studio-viet-nam,,Ho Chi Minh,"Sarica, Sala, Thủ Thiêm, An Khanh, Ho Chi Minh",,,,
Blue Technology,https://itviec.com/companies/blue-technology,,Ha Noi,"508 Đ. Trường Chinh, Khương Thượng, Kim Lien, Ha Noi",,,,
Naetib Game Studio,https://itviec.com/companies/naetib-game-studio,,Ho Chi Minh,"Work Flow, 547 - 549 đường Tạ Quang Bửu, Chanh Hung, Ho Chi Minh",,,,
Yet Company,https://itviec.com/companies/yet-company,,Ho Chi Minh,"Văn phòng 1604, tầng 16, tòa nhà Havanna, 132 Hàm Nghi, Ben Thanh, Ho Chi Minh",,,,
Công ty TNHH Salary (Việt Nam),https://itviec.com/companies/cong-ty-tnhh-salary-viet-nam,,Ho Chi Minh,"Toa nha Saigon Paragon, 3 Nguyen Luong Bang, Tan My, Ho Chi Minh",,,,
KDS Vietnam,https://itviec.com/companies/kds-vietnam,,Ho Chi Minh,"81 Điện Biên Phủ, Phường Tân Định, Ho Chi Minh",,,,
Wilmar CLV (Cambodia Laos Vietnam),https://itviec.com/companies/wilmar-clv-cambodia-laos-vietnam,,Ho Chi Minh,"235 Nguyễn Văn Cừ, Cau Ong Lanh, Ho Chi Minh",,,,
CÔNG TY TNHH TEENUP,https://itviec.com/companies/cong-ty-tnhh-teenup,,Ha Noi,"Hà Nội: 61E Đê La Thành, phường Láng, Dong Da, Ha Noi",,,,
FPT Digital,https://itviec.com/companies/fpt-digital,,Ha Noi,"FPT Tower, 10 Phạm Văn Bạch, P. Dịch Vọng, Q. Cầu Giấy, Hà Nội, Việt Nam, Cau Giay, Ha Noi",,,,
Cloud Ace,https://itviec.com/companies/cloud-ace,,Ho Chi Minh,"384 Hoang Dieu, Khanh Hoi, Ho Chi Minh",,,,
PATI Group,https://itviec.com/companies/pati-group,,Ho Chi Minh,"Midtown M7 Signature, Street 15, Tan My Ward, Ho Chi Minh",,,,
Zeya Labs AI,https://itviec.com/companies/zeya-labs-ai,,Ho Chi Minh,"Phòng L5-20, Tầng 5, Số 343, đường Hoàng Sa, Phường Tân Định, Ho Chi Minh",,,,
DEKON,https://itviec.com/companies/dekon,,Ho Chi Minh,"Level 6, Thuy Loi 4 Building, 286-288 Nguyen Xi St, Ward Binh Loi Trung, Binh Loi Trung, Ho Chi Minh",,,,
Công ty Cổ phần Chứng khoán KIS Việt Nam,https://itviec.com/companies/cong-ty-co-phan-chung-khoan-kis-viet-nam,,Ho Chi Minh,"Tầng 3 và tầng 11, Tòa nhà TNR, số 180-192 Nguyễn Công Trứ, Phường Nguyễn Thái Bình, Ho Chi Minh",,,,
Nam Viet JSC,https://itviec.com/companies/nam-viet-jsc,,Ha Noi,"Tầng 2, 262 Nguyễn Huy Tưởng, Thanh Xuan, Ha Noi",,,,
CÔNG TY TNHH NEXTEDGE,https://itviec.com/companies/cong-ty-tnhh-nextedge,,Ho Chi Minh,"Floor 16th, Unit B1-B3-B4, International Plaza Tower, No. 343, Pham Ngu Lao Street, Ben Thanh, Ho Chi Minh",,,,
OrgScale Recruitment,https://itviec.com/companies/orgscale-recruitment,,Ha Noi,"Ha Noi, Ha Noi",,,,
Oivan,https://itviec.com/companies/oivan,,Ho Chi Minh,"21 Phung Khac Khoan Street, Sai Gon, Ho Chi Minh",,,,
CÔNG TY TNHH ECARX,https://itviec.com/companies/cong-ty-tnhh-ecarx,,Ha Noi,"Tầng 15, Epic Tower, ngõ 19 Duy Tân, Phường Cầu Giấy, Ha Noi",,,,
Công ty Cổ Phần Peasoft Việt Nam,https://itviec.com/companies/cong-ty-co-phan-peasoft-viet-nam,,Ha Noi,"Tầng 29, tòa nhà Handico Tower, KĐTM Mễ Trì Hạ, đường Phạm Hùng , Phường Mễ Trì, Quận Nam Từ Liêm, Thành phố Hà Nội, Ha Noi",,,,
CarDoctor,https://itviec.com/companies/cardoctor,,Ha Noi,"5BT2, khu đô thị Mễ Trì Hạ, Tu Liem, Ha Noi",,,,
,https://itviec.com/companies/grus-studio,,,,,,,
HADA Technology Joint Stock Company,https://itviec.com/companies/hada-technology-joint-stock-company,,Ha Noi,"Ha Noi, Ha Noi",,,,
Koala Digital,https://itviec.com/companies/koala-digital,,Ho Chi Minh,"Vietnam, Ho Chi Minh",,,,
CODE LEAP,https://itviec.com/companies/code-leap,,Ho Chi Minh,"101-103 Nguyen Cuu Van, Gia Dinh, Ho Chi Minh",,,,
Công ty cổ phần Giải pháp nền tảng IP,https://itviec.com/companies/cong-ty-co-phan-giai-phap-nen-tang-ip,,Ho Chi Minh,"46-48 đường Tạ Hiện, khu phố 1, Phường Thạnh Mỹ Lợi, Ho Chi Minh",,,,
Công ty Cổ phần Xherozone,https://itviec.com/companies/cong-ty-co-phan-xherozone,,Ho Chi Minh,"3E/11A Khu đô thị Him Lam, Phường 2, Tan Binh, Ho Chi Minh",,,,
Nakivo,https://itviec.com/companies/nakivo,,Ho Chi Minh,"TGI Building, 208 Nguyen Trai, Ho Chi Minh",,,,
Reclub Vietnam,https://itviec.com/companies/reclub-vietnam,,Ho Chi Minh,"28 Mai Chí Thọ, An Phú, Quận 2, Binh Trung, Ho Chi Minh",,,,
MiTek Vietnam,https://itviec.com/companies/mitek-vietnam,,Ho Chi Minh,"Tòa nhà A5, Lô số A5, khu E-Office, đường Sáng Tạo, KCX Tân Thuận, Tan Thuan, Ho Chi Minh",,,,
AIRR Labs,https://itviec.com/companies/airr-labs,,Ho Chi Minh,"Floor 4, SFC Building, 9 Dinh Tien Hoang, Sai Gon, Ho Chi Minh",,,,
Công ty Cổ phần Chứng khoán Xuân Thiện,https://itviec.com/companies/cong-ty-co-phan-chung-khoan-xuan-thien,,Ha Noi,"Tầng 6, Số 2 Đặng Thai Mai, P. Tây Hồ, Hà Nội, Ha Noi",,,,
Blogic Systems,https://itviec.com/companies/blogic-systems,,Ho Chi Minh,"River Park, phường Phú Hữu, Phước Long B, Ho Chi Minh",,,,
GHN Logistics,https://itviec.com/companies/ghn-logistics,,Ho Chi Minh,"405/15 Xô Viết Nghệ Tĩnh, Ho Chi Minh",,,,
CÔNG TY CỔ PHẦN SABOGAME,https://itviec.com/companies/cong-ty-co-phan-sabogame,,Ha Noi,"Số 53 ngõ 155 Nguyễn Khang, Yên Hòa, Yen Hoa, Ha Noi",,,,
CÔNG TY TNHH DỊCH VỤ GIẢI PHÁP ITSS,https://itviec.com/companies/cong-ty-tnhh-dich-vu-giai-phap-itss,,Ha Noi,"Tầng 4 D28 Lê Văn Tám - Hà Đông - Hà Nôi, Ha Dong, Ha Noi",,,,
"TPIsoftware Co., Ltd",https://itviec.com/companies/tpisoftware-co-ltd,,Ho Chi Minh,"Lầu 7, Phòng 706-707-708 Tòa nhà Hoàng Anh Safomec, số 7/1 Thành Thái, Phường Diên Hồng, Ho Chi Minh",,,,
Công ty Cổ phần Thanh toán số MobiFone,https://itviec.com/companies/cong-ty-co-phan-thanh-toan-so-mobifone,,Ha Noi,"Tầng 30 - Tòa tháp C5 D’Capital, 119 Trần Duy Hưng, Phường Yên Hoà, Thành phố Hà Nội, Việt Nam, Yen Hoa, Ha Noi",,,,
De Heus Asia,https://itviec.com/companies/de-heus-asia,,Ho Chi Minh,"Tòa nhà Sofic, 10 Đường Mai Chí Thọ, Quận 2, An Khanh, Ho Chi Minh",,,,
Vietbank,https://itviec.com/companies/vietbank,,Ho Chi Minh,"4 Tôn Đức Thắng, Ho Chi Minh",,,,
CÔNG TY TNHH SOCOTEC VIỆT NAM,https://itviec.com/companies/cong-ty-tnhh-socotec-viet-nam,,Ha Noi,"Số 11 ngõ 15 Duy Tân, Cau Giay, Ha Noi",,,,
Gameloft,https://itviec.com/companies/gameloft,,Ho Chi Minh,"Richmond Building, 207C Nguyen Xi, Binh Thanh, Ho Chi Minh",,,,
Be A Racer,https://itviec.com/companies/be-a-racer,,Da Nang,"59B Lê Lợi, Hai Chau, Da Nang",,,,
CÔNG TY TNHH CÔNG NGHỆ SHIP VIỆT NAM,https://itviec.com/companies/cong-ty-tnhh-cong-nghe-ship-viet-nam,,Ho Chi Minh,"Floor 5A, Thuy Loi 4 Office Building, 286–288 Nguyen Xi Street, Binh Loi Trung, Ho Chi Minh",,,,
Goline Corporation,https://itviec.com/companies/goline-corporation,,Ha Noi,"Tầng 8, tòa nhà Kim Ánh, 78 Duy Tân, Ha Noi",,,,
VISION Advisory & Analytics,https://itviec.com/companies/vision-advisory-analytics,,Ho Chi Minh,"3 Nguyen Co Thach Street, An Khanh, Ho Chi Minh",,,,
GALAXY HOLDINGS,https://itviec.com/companies/galaxy-holdings,,Ho Chi Minh,"Galaxy Innovation Hub, đường D1, Khu Công nghệ cao, Thành phố Thủ Đức, TP HCM, Ho Chi Minh",,,,
PowerGate Software,https://itviec.com/companies/powergate-software,,Ha Noi,"Tầng 6A, Tháp C, tòa nhà Center Point, số 219 Trung Kính, Yên Hòa, Cau Giay, Ha Noi",,,,
VinSOC,https://itviec.com/companies/vinsoc,,Ha Noi,"Technopark Tower, Gia Lam, Ha Noi",,,,
Everfit,https://itviec.com/companies/everfit,,Da Nang,"12A, Vietinbank building, 36 Tran Quoc Toan, Da Nang, Hai Chau, Da Nang",,,,
CÔNG TY TNHH THƯƠNG MẠI SKECHERS VIỆT NAM,https://itviec.com/companies/cong-ty-tnhh-thuong-mai-skechers-viet-nam,,Ho Chi Minh,"Tầng 17, Tòa nhà Saigon Trade Center, Số 37 Đường Tôn Đức Thắng, Phường Sài Gòn, Thành phố Hồ Chí Minh, Việt Nam, Sai Gon, Ho Chi Minh",,,,
Công ty Cổ phần Bất động sản Sài Gòn Vi Na,https://itviec.com/companies/cong-ty-co-phan-bat-dong-san-sai-gon-vi-na,,Ho Chi Minh,"628 – 630 Võ Văn Kiệt, Phường Chợ Quán, TP.HCM, Ho Chi Minh",,,,
Laidon Group,https://itviec.com/companies/laidon-group,,Ho Chi Minh,"324 Le Van Sy, Tan Son Hoa, Ho Chi Minh",,,,
Moatable,https://itviec.com/companies/moatable,,Ho Chi Minh,"62 Tran Quang Khai,, Tan Dinh, Ho Chi Minh",,,,
Galaxy Education,https://itviec.com/companies/galaxy-education,,Ha Noi,"Tòa nhà 25T2 Nguyễn Thị Thập, Phường Yên Hòa, Yen Hoa, Ha Noi",,,,
Brarista,https://itviec.com/companies/brarista,,Ho Chi Minh,"Vietnam, Ho Chi Minh",,,,
XTECH AI,https://itviec.com/companies/xtech-ai,,Ho Chi Minh,"Khu Biệt Thự Lan Anh, Lan Anh Village , An Khanh, Ho Chi Minh",,,,
SAVILLS VIETNAM,https://itviec.com/companies/savills-vietnam,,Ho Chi Minh,"Savills Vietnam – 18th floor, Doji Tower, 81 - 85 Ham Nghi Street, Nguyen Thai Binh Ward, Ho Chi Minh",,,,
Công ty Cổ phần Chứng khoán VPBank,https://itviec.com/companies/cong-ty-co-phan-chung-khoan-vpbank,,Ha Noi,"Tầng 25, Toà nhà Văn phòng Thương mại, số 89 Láng Hạ, Phường Láng Hạ, Ha Noi",,,,
LizAI Vietnam,https://itviec.com/companies/lizai-vietnam,,Ho Chi Minh,"Floor 3, BSI Building, 193-195-197 Nguyen Thi Nhung Street, Hiep Binh, Ho Chi Minh",,,,
Công ty TNHH ASEL Việt Nam,https://itviec.com/companies/cong-ty-tnhh-asel-viet-nam,,Ha Noi,"Số 3 Thành Công, Giang Vo, Ha Noi",,,,
KALAPA,https://itviec.com/companies/kalapa,,Ha Noi,"2nd floor, 58 To Huu street, Ha Noi",,,,
,https://itviec.com/companies/cong-ty-co-phan-duoc-thiet-bi-y-te-da-nang-dapharco,,,,,,,
SHS | Chứng khoán Sài Gòn - Hà Nội,https://itviec.com/companies/shs-chung-khoan-sai-gon-ha-noi,,Ha Noi,"Số 43 Phố Lý Thường Kiệt, Cua Nam, Ha Noi",,,,
Koidra Tech,https://itviec.com/companies/koidra-tech,,Ho Chi Minh,"Tầng 3, số 8-10 Tạ Hiện, Cat Lai, Ho Chi Minh",,,,
Fullerton Health,https://itviec.com/companies/fullerton-health,,Ho Chi Minh,"Tầng 1, số 127 Hồng Hà, Phường Đức Nhuận, TP. Hồ Chí Minh, Việt Nam., Duc Nhuan, Ho Chi Minh",,,,
TechSoft,https://itviec.com/companies/techsoft,,Da Nang,"45 Nguyễn Hữu An, Son Tra, Da Nang",,,,
Công ty Cổ phần Global AI,https://itviec.com/companies/cong-ty-co-phan-global-ai,,Ha Noi,"Tầng 3, tòa Trinity số 145 đường Hồ Mễ Trì Hà Nội, Ha Noi",,,,
MediaX,https://itviec.com/companies/mediax,,Ha Noi,"5th floor V1 The Terra An Hung, Duong Noi, Ha Noi",,,,
LOTTE FINANCE VIETNAM,https://itviec.com/companies/lotte-finance-vietnam,,Ha Noi,"Tầng 12A, Tháp Tây, tòa nhà LOTTE Center Hà Nội, 54 Liễu Giai, Ha Noi",,,,
Nitori Digital Base Vietnam,https://itviec.com/companies/nitori-digital-base-vietnam,,Ha Noi,"Tầng 19, tòa Vinacomin Tower, số 3 phố Dương Đình Nghệ, Phường Yên Hòa, Thành phố Hà Nội, Việt Nam, Yen Hoa, Ha Noi",,,,
Trustify Technology,https://itviec.com/companies/trustify-technology,,Ho Chi Minh,"40/4 Lam Son, Tan Son Hoa, Ho Chi Minh",,,,
Glory Software Vietnam,https://itviec.com/companies/glory-software-vietnam,,Da Nang,"47 Nui Thanh, Hoa Cuong, Da Nang",,,,
CÔNG TY CỔ PHẦN DỊCH VỤ KỸ THUẬT LND,https://itviec.com/companies/cong-ty-co-phan-dich-vu-ky-thuat-lnd,,Ho Chi Minh,"778/11 Nguyễn Kiệm, Duc Nhuan, Ho Chi Minh",,,,
CÔNG TY TNHH NEXTHINK TECHNOLOGIES,https://itviec.com/companies/cong-ty-tnhh-nexthink-technologies,,Ho Chi Minh,"193B Nam Kỳ Khởi Nghĩa, Q3, TPHCM, Xuan Hoa, Ho Chi Minh",,,,
CÔNG TY CỔ PHẦN DTSOFT,https://itviec.com/companies/cong-ty-co-phan-dtsoft,,Ha Noi,"Số 6, 3RD Ave, Sunrise D, KĐT The Manor Central Park, Nguyễn Xiển, Định Công, Ha Noi",,,,
Amnis Labs,,,Ha Noi,Nguồn: Danh sách tự gộp,0,,,
BCVV company limited,,,Ha Noi,Nguồn: Danh sách tự gộp,0,,,
Be VN,,,Ha Noi,Nguồn: Danh sách tự gộp,0,,,
Bravestars Games,,,Ha Noi,Nguồn: Danh sách tự gộp,0,,,
Co-Well,,,Ha Noi,Nguồn: Danh sách tự gộp,0,,,
Cong ty Tomochain,,,Ha Noi,Nguồn: Danh sách tự gộp,0,,,
Cty CP Chứng khoán MB,,,Ha Noi,Nguồn: Danh sách tự gộp,0,,,
Cty CP Dữ Liệu IDC Viet Nam,,,Ha Noi,Nguồn: Danh sách tự gộp,0,,,
Cty CP Đầu tư công nghệ và TM Softdreams,,,Ha Noi,Nguồn: Danh sách tự gộp,0,,,
Cty TNHH Koei Tecmo Software VN,,,Ha Noi,Nguồn: Danh sách tự gộp,0,,,
CTY TNHH XÚC TIẾN THƯƠNG MẠI VÀ CÔNG NGHỆ ÁNH DƯƠNG (IPROTECH),,,Ha Noi,Nguồn: Danh sách tự gộp,0,,,
Công ty CP BGLOBAL,,,Ha Noi,Nguồn: Danh sách tự gộp,0,,,
Công ty CP Công nghệ BCVT (VNPT Technology),,,Ha Noi,Nguồn: Danh sách tự gộp,0,,,
Công ty CP công nghệ giáo dục Thiên Hà Xanh,,,Ha Noi,Nguồn: Danh sách tự gộp,0,,,
Công ty CP Công nghệ và Truyền thông Dagoras,,,Ha Noi,Nguồn: Danh sách tự gộp,0,,,
Công ty CP Giao hàng tiết kiệm,,,Ha Noi,Nguồn: Danh sách tự gộp,0,,,
Công ty CP NTQ,,,Ha Noi,Nguồn: Danh sách tự gộp,0,,,
Công ty CP Sức khoẻ & Cuộc sống AKIO,,,Ha Noi,Nguồn: Danh sách tự gộp,0,,,
Công ty CP Truyền Thông Văn Hóa Việt,,,Ha Noi,Nguồn: Danh sách tự gộp,0,,,
Công ty CP VNG Ha Noi,,,Ha Noi,Nguồn: Danh sách tự gộp,0,,,
Công ty cổ phần Adamo Software,,,Ha Noi,Nguồn: Danh sách tự gộp,0,,,
Công ty cổ phần AdFlex Việt Nam,,,Ha Noi,Nguồn: Danh sách tự gộp,0,,,
Công ty Cổ phần AHT TECH,,,Ha Noi,Nguồn: Danh sách tự gộp,0,,,
Công ty cổ phần AMELA Việt Nam,,,Ha Noi,Nguồn: Danh sách tự gộp,0,,,
Công ty cổ phần Appota,,,Ha Noi,Nguồn: Danh sách tự gộp,0,,,
Công ty cổ phần Base Enterprise,,,Ha Noi,Nguồn: Danh sách tự gộp,0,,,
Công ty cổ phần Bkav,,,Ha Noi,Nguồn: Danh sách tự gộp,0,,,
Công ty cổ phần Canary Software,,,Ha Noi,Nguồn: Danh sách tự gộp,0,,,
Công ty Cổ phần Chuyển đổi số SME,,,Ha Noi,Nguồn: Danh sách tự gộp,0,,,
Công ty cổ phần công nghệ Andromeda,,,Ha Noi,Nguồn: Danh sách tự gộp,0,,,
Công ty cổ phần công nghệ Chân Không,,,Ha Noi,Nguồn: Danh sách tự gộp,0,,,
Công ty cổ phần công nghệ DopikAI,,,Ha Noi,Nguồn: Danh sách tự gộp,0,,,
CÔNG TY CỔ PHẦN CÔNG NGHỆ GIÁO DỤC AZOTA,,,Ha Noi,Nguồn: Danh sách tự gộp,0,,,
Công ty cổ phần công nghệ PhysCode Việt,,,Ha Noi,Nguồn: Danh sách tự gộp,0,,,
Công ty cổ phần công nghệ Proton,,,Ha Noi,Nguồn: Danh sách tự gộp,0,,,
CÔNG TY CỔ PHẦN CÔNG NGHỆ SOTATEK,,,Ha Noi,Nguồn: Danh sách tự gộp,0,,,
Công ty cổ phần công nghệ Teko Việt Nam,,,Ha Noi,Nguồn: Danh sách tự gộp,0,,,
Công Ty Cổ Phần Công Nghệ Thông Tin SMAC Việt Nam,,,Ha Noi,Nguồn: Danh sách tự gộp,0,,,
Công ty Cổ phần Công nghệ và Dịch vụ Xgame,,,Ha Noi,Nguồn: Danh sách tự gộp,0,,,
Công ty Cổ phần Công nghệ và Giải pháp SIMAX,,,Ha Noi,Nguồn: Danh sách tự gộp,0,,,
Công ty cổ phần công nghệ và thương mại Pal Việt Nam,,,Ha Noi,Nguồn: Danh sách tự gộp,0,,,
CÔNG TY CỔ PHẦN DỊCH VỤ VÀ ĐẦU TƯ Y TẾ NEO,,,Ha Noi,Nguồn: Danh sách tự gộp,0,,,
Công ty cổ phần du lịch Việt Nam Vntravel,,,Ha Noi,Nguồn: Danh sách tự gộp,0,,,
Công ty Cổ phần DV truyền thông & Du lịch Á Châu,,,Ha Noi,Nguồn: Danh sách tự gộp,0,,,
Công ty Cổ phần Dịch vụ Chữ ký số Intrust,,,Ha Noi,Nguồn: Danh sách tự gộp,0,,,
CÔNG TY CỔ PHẦN GIÁO DỤC VÀ THƯƠNG MẠI RIKI VIỆT NAM,,,Ha Noi,Nguồn: Danh sách tự gộp,0,,,
Công Ty Cổ Phần Giải Pháp CNTT Quốc Tế (www.interits.com),,,Ha Noi,Nguồn: Danh sách tự gộp,0,,,
Công ty Cổ phần Giải pháp Công nghệ GO (Go Solutions),,,Ha Noi,Nguồn: Danh sách tự gộp,0,,,
Công ty Cổ phần Giải pháp Công nghệ thông tin Quốc tế (ITS),,,Ha Noi,Nguồn: Danh sách tự gộp,0,,,
Công Ty Cổ Phần Giải Pháp Công Nghệ VOTC,,,Ha Noi,Nguồn: Danh sách tự gộp,0,,,
Công ty cổ phần giải pháp First Trust Việt Nam,,,Ha Noi,Nguồn: Danh sách tự gộp,0,,,
Công ty Cổ phần Giải pháp Phần mềm Teko,,,Ha Noi,Nguồn: Danh sách tự gộp,0,,,
Công ty cổ phần GSC Việt Nam,,,Ha Noi,Nguồn: Danh sách tự gộp,0,,,
Công ty cổ phần HBLab,,,Ha Noi,Nguồn: Danh sách tự gộp,0,,,
Công ty Cổ phần Hệ thống công nghệ ETC,,,Ha Noi,Nguồn: Danh sách tự gộp,0,,,
Công ty Cổ phần INMATECH,,,Ha Noi,Nguồn: Danh sách tự gộp,0,,,
Công ty Cổ phần JobOKO Toàn Cầu,,,Ha Noi,Nguồn: Danh sách tự gộp,0,,,
CÔNG TY CỔ PHẦN KHOA HỌC DỮ LIỆU,,,Ha Noi,Nguồn: Danh sách tự gộp,0,,,
Công ty cổ phần Kinh doanh F88,,,Ha Noi,Nguồn: Danh sách tự gộp,0,,,
Công ty cổ phần KYODAI,,,Ha Noi,Nguồn: Danh sách tự gộp,0,,,
Công ty cổ phần MISA,,,Ha Noi,Nguồn: Danh sách tự gộp,0,,,
CÔNG TY CỔ PHẦN PHẦN MỀM LUVINA,,,Ha Noi,Nguồn: Danh sách tự gộp,0,,,
Công ty Cổ phần Quốc tế Đầu tư và Phát triển Công nghệ Thành Công (Sau đây gọi là BSS Group),,,Ha Noi,Nguồn: Danh sách tự gộp,0,,,
Công ty Cổ phần Smartmove Vietnam,,,Ha Noi,Nguồn: Danh sách tự gộp,0,,,
Công ty cổ phần SmartOSC,,,Ha Noi,Nguồn: Danh sách tự gộp,0,,,
Công ty Cổ phần SONAT,,,Ha Noi,Nguồn: Danh sách tự gộp,0,,,
Công ty Cổ phần Sonat - Sonat Game,,,Ha Noi,Nguồn: Danh sách tự gộp,0,,,
CÔNG TY CỔ PHẦN SUN.STUDIO,,,Ha Noi,Nguồn: Danh sách tự gộp,0,,,
Công ty Cổ phần Tin học – Viễn thông Hàng không (AITS),,,Ha Noi,Nguồn: Danh sách tự gộp,0,,,
Công ty cổ phần Tokyo Tech Lab Việt Nam,,,Ha Noi,Nguồn: Danh sách tự gộp,0,,,
Công ty cổ phần truyền thông Luật Việt Nam,,,Ha Noi,Nguồn: Danh sách tự gộp,0,,,
Công ty cổ phần truyền thông và dịch vụ NODO,,,Ha Noi,Nguồn: Danh sách tự gộp,0,,,
Công ty cổ phần tập đoàn Ominext,,,Ha Noi,Nguồn: Danh sách tự gộp,0,,,
Công ty Cổ phần Tập đoàn Đèo Cả,,,Ha Noi,Nguồn: Danh sách tự gộp,0,,,
Công ty Cổ phần VCCorp,,,Ha Noi,Nguồn: Danh sách tự gộp,0,,,
Công ty cổ phần viễn thông và truyền thông Medialine,,,Ha Noi,Nguồn: Danh sách tự gộp,0,,,
Công ty Cổ phần VTI,,,Ha Noi,Nguồn: Danh sách tự gộp,0,,,
Công ty cổ phần đầu tư phát triển công nghệ GEC,,,Ha Noi,Nguồn: Danh sách tự gộp,0,,,
Công ty cổ phần ứng dụng công nghệ mới Orenji,,,Ha Noi,Nguồn: Danh sách tự gộp,0,,,
Công ty TNHH 1C Việt Nam,,,Ha Noi,Nguồn: Danh sách tự gộp,0,,,
CÔNG TY TNHH BORDER Z VIETNAM,,,Ha Noi,Nguồn: Danh sách tự gộp,0,,,
Công ty TNHH Công Nghệ Anh Quân,,,Ha Noi,Nguồn: Danh sách tự gộp,0,,,
Công ty TNHH Công Nghệ ezCloud Toàn Cầu,,,Ha Noi,Nguồn: Danh sách tự gộp,0,,,
Công ty TNHH Công nghệ Phần mềm Kaopiz,,,Ha Noi,Nguồn: Danh sách tự gộp,0,,,
Công ty TNHH Công nghệ Sli,,,Ha Noi,Nguồn: Danh sách tự gộp,0,,,
Công ty TNHH DAC Data Science Việt Nam,,,Ha Noi,Nguồn: Danh sách tự gộp,0,,,
Công ty TNHH DLABS,,,Ha Noi,Nguồn: Danh sách tự gộp,0,,,
CÔNG TY TNHH DỊCH VỤ CÔNG NGHỆ TP,,,Ha Noi,Nguồn: Danh sách tự gộp,0,,,
Công ty TNHH Dịch vụ IT X,,,Ha Noi,Nguồn: Danh sách tự gộp,0,,,
Công ty TNHH Dịch vụ Phần mềm Sao Khuê,,,Ha Noi,Nguồn: Danh sách tự gộp,0,,,
Công ty TNHH ENTETSU Việt Nam,,,Ha Noi,Nguồn: Danh sách tự gộp,0,,,
Công ty TNHH Flinters Việt Nam,,,Ha Noi,Nguồn: Danh sách tự gộp,0,,,
Công ty TNHH Giáo dục Edmicro,,,Ha Noi,Nguồn: Danh sách tự gộp,0,,,
Công ty TNHH Giải pháp Etron,,,Ha Noi,Nguồn: Danh sách tự gộp,0,,,
CÔNG TY TNHH GIẢI PHÁP PHẦN MỀM SERVICES ENGINE,,,Ha Noi,Nguồn: Danh sách tự gộp,0,,,
Công ty TNHH Harvey Nash (Vietnam),,,Ha Noi,Nguồn: Danh sách tự gộp,0,,,
Công ty TNHH Hybrid Technologies Việt Nam,,,Ha Noi,Nguồn: Danh sách tự gộp,0,,,
Công ty TNHH JITS Innovation Labs,,,Ha Noi,Nguồn: Danh sách tự gộp,0,,,
Công ty TNHH Kiaisoft Việt Nam,,,Ha Noi,Nguồn: Danh sách tự gộp,0,,,
CÔNG TY TNHH KOEI TECMO SOFTWARE VIỆT NAM,,,Ha Noi,Nguồn: Danh sách tự gộp,0,,,
CÔNG TY TNHH LG INNOTEK VIỆT NAM HẢI PHÒNG,,,Ha Noi,Nguồn: Danh sách tự gộp,0,,,
Công ty TNHH Phần mềm FPT (Fsoft),,,Ha Noi,Nguồn: Danh sách tự gộp,0,,,
Công ty TNHH phần mềm Twendee,,,Ha Noi,Nguồn: Danh sách tự gộp,0,,,
Công ty TNHH Phần mềm đầu tư WorldQuant Việt Nam,,,Ha Noi,Nguồn: Danh sách tự gộp,0,,,
Công ty TNHH Septeni Technology,,,Ha Noi,Nguồn: Danh sách tự gộp,0,,,
Công ty TNHH SUN ASTERISK VIỆT NAM,,,Ha Noi,Nguồn: Danh sách tự gộp,0,,,
Công ty TNHH Sunny Opotech Việt Nam,,,Ha Noi,Nguồn: Danh sách tự gộp,0,,,
Công ty TNHH Tích hợp thông minh,,,Ha Noi,Nguồn: Danh sách tự gộp,0,,,
"Công ty TNHH Vật tư nông nghiệp, Xây dựng Anh Thái",,,Ha Noi,Nguồn: Danh sách tự gộp,0,,,
CÔNG TY TNHH ĐIỆN TỬ BYD VIỆT NAM,,,Ha Noi,Nguồn: Danh sách tự gộp,0,,,
Dagoras,,,Ha Noi,Nguồn: Danh sách tự gộp,0,,,
Delectech,,,Ha Noi,Nguồn: Danh sách tự gộp,0,,,
Extreme Việt Nam,,,Ha Noi,Nguồn: Danh sách tự gộp,0,,,
Fabbi JSC,,,Ha Noi,Nguồn: Danh sách tự gộp,0,,,
Falcon Game Studio,,,Ha Noi,Nguồn: Danh sách tự gộp,0,,,
Foobla (Merchize),,,Ha Noi,Nguồn: Danh sách tự gộp,0,,,
FPT Cloud,,,Ha Noi,Nguồn: Danh sách tự gộp,0,,,
FPT Smart Cloud,,,Ha Noi,Nguồn: Danh sách tự gộp,0,,,
FPT Telecom,,,Ha Noi,Nguồn: Danh sách tự gộp,0,,,
GEM,,,Ha Noi,Nguồn: Danh sách tự gộp,0,,,
IEC Games,,,Ha Noi,Nguồn: Danh sách tự gộp,0,,,
Kaopiz Holdings,,,Ha Noi,Nguồn: Danh sách tự gộp,0,,,
Kyber Network,,,Ha Noi,Nguồn: Danh sách tự gộp,0,,,
"LG CNS Viet Nam Co.,Ltd",,,Ha Noi,Nguồn: Danh sách tự gộp,0,,,
LG DISPLAY VIỆT NAM HẢI PHÒNG,,,Ha Noi,Nguồn: Danh sách tự gộp,0,,,
Motionscloud GmbH,,,Ha Noi,Nguồn: Danh sách tự gộp,0,,,
NAB Innovation Centre Vietnam (NAB Vietnam),,,Ha Noi,Nguồn: Danh sách tự gộp,0,,,
Next Robotics Joint-stock Company,,,Ha Noi,Nguồn: Danh sách tự gộp,0,,,
NextTech,,,Ha Noi,Nguồn: Danh sách tự gộp,0,,,
NTQ Solution,,,Ha Noi,Nguồn: Danh sách tự gộp,0,,,
NTT Data,,,Ha Noi,Nguồn: Danh sách tự gộp,0,,,
Omi Group,,,Ha Noi,Nguồn: Danh sách tự gộp,0,,,
Rocket Game Studio,,,Ha Noi,Nguồn: Danh sách tự gộp,0,,,
Samsung Electronics Việt Nam Thái Nguyên,,,Ha Noi,Nguồn: Danh sách tự gộp,0,,,
Savvycom,,,Ha Noi,Nguồn: Danh sách tự gộp,0,,,
SEEDOO JSC,,,Ha Noi,Nguồn: Danh sách tự gộp,0,,,
SotaTek,,,Ha Noi,Nguồn: Danh sách tự gộp,0,,,
Sun*,,,Ha Noi,Nguồn: Danh sách tự gộp,0,,,
Tokyo Techies,,,Ha Noi,Nguồn: Danh sách tự gộp,0,,,
Toshiba,,,Ha Noi,Nguồn: Danh sách tự gộp,0,,,
TRANQUIL MIND TECHNOLOGY JOINT STOCK COMPANY,,,Ha Noi,Nguồn: Danh sách tự gộp,0,,,
Trung tâm anh ngữ A&U,,,Ha Noi,Nguồn: Danh sách tự gộp,0,,,
Trung tâm Công nghệ Thông tin MobiFone – Chi nhánh Tổng Công ty Viễn Thông MobiFone,,,Ha Noi,Nguồn: Danh sách tự gộp,0,,,
Tập đoàn Bưu chính viễn Thông VNPT,,,Ha Noi,Nguồn: Danh sách tự gộp,0,,,
Tập đoàn Công nghiệp - Viễn thông Quân đội (Viettel Group),,,Ha Noi,Nguồn: Danh sách tự gộp,0,,,
Tổng công ty Viettel,,,Ha Noi,Nguồn: Danh sách tự gộp,0,,,
USI Việt Nam,,,Ha Noi,Nguồn: Danh sách tự gộp,0,,,
Vietel Software (Công ty TNHH MTV Đầu Tư Công Nghệ Viettel),,,Ha Noi,Nguồn: Danh sách tự gộp,0,,,
Viettel NET,,,Ha Noi,Nguồn: Danh sách tự gộp,0,,,
"Viện HKVT, Viettel",,,Ha Noi,Nguồn: Danh sách tự gộp,0,,,
Viện Hàng không Vũ trụ Viettel (Viettel Aerospace),,,Ha Noi,Nguồn: Danh sách tự gộp,0,,,
VNPay,,,Ha Noi,Nguồn: Danh sách tự gộp,0,,,
zen8labs,,,Ha Noi,Nguồn: Danh sách tự gộp,0,,,
Optimizely,,,Ha Noi,Nguồn: Danh sách tự gộp,0,,,
Thai Son Soft,,,Ha Noi,Nguồn: Danh sách tự gộp,0,,,
Travala.com,,,Ha Noi,Nguồn: Danh sách tự gộp,0,,,
Eastgate Software,,,Ha Noi,Nguồn: Danh sách tự gộp,0,,,
Fitech,,,Ha Noi,Nguồn: Danh sách tự gộp,0,,,
Techcom Securities (TCBS),,,Ha Noi,Nguồn: Danh sách tự gộp,0,,,
Asilla,,,Ha Noi,Nguồn: Danh sách tự gộp,0,,,
Pixelz,,,Ha Noi,Nguồn: Danh sách tự gộp,0,,,
GemCommerce,,,Ha Noi,Nguồn: Danh sách tự gộp,0,,,
VNPT EPAY,,,Ha Noi,Nguồn: Danh sách tự gộp,0,,,
eUp Group,,,Ha Noi,Nguồn: Danh sách tự gộp,0,,,
Alpaca Vietnam,,,Ha Noi,Nguồn: Danh sách tự gộp,0,,,
Neos Việt Nam,,,Ha Noi,Nguồn: Danh sách tự gộp,0,,,
SOLIS LAB,,,Ha Noi,Nguồn: Danh sách tự gộp,0,,,
VTC Online,,,Ha Noi,Nguồn: Danh sách tự gộp,0,,,
Hanoi K-Lab,,,Ha Noi,Nguồn: Danh sách tự gộp,0,,,
FLYER.vn,,,Ha Noi,Nguồn: Danh sách tự gộp,0,,,
ISOFH,,,Ha Noi,Nguồn: Danh sách tự gộp,0,,,
CÔNG TY TNHH NANYANG BIOLOGICS VIỆT NAM,,,Ha Noi,Nguồn: Danh sách tự gộp,0,,,
NSC Software,,,Ha Noi,Nguồn: Danh sách tự gộp,0,,,
CÔNG TY CỔ PHẦN CMC OPENAI,,,Ha Noi,Nguồn: Danh sách tự gộp,0,,,
Công ty TNHH Lotus Animation,,,Ha Noi,Nguồn: Danh sách tự gộp,0,,,
Altaa Vistaa,,,Ha Noi,Nguồn: Danh sách tự gộp,0,,,
AI&T,,,Ha Noi,Nguồn: Danh sách tự gộp,0,,,
GITS,,,Ha Noi,Nguồn: Danh sách tự gộp,0,,,
Bolt Tech,,,Ha Noi,Nguồn: Danh sách tự gộp,0,,,
VERP Technology Solutions JSC,,,Ha Noi,Nguồn: Danh sách tự gộp,0,,,
VSI (VietSoftware International),,,Ha Noi,Nguồn: Danh sách tự gộp,0,,,
CÔNG TY CỔ PHẦN ĐẦU TƯ AHV HOLDING,,,Ha Noi,Nguồn: Danh sách tự gộp,0,,,
T2 SOFT COMPANY LIMITED,,,Ha Noi,Nguồn: Danh sách tự gộp,0,,,
TJ Tech,,,Ha Noi,Nguồn: Danh sách tự gộp,0,,,
Công ty Cổ phần 19,,,Ha Noi,Nguồn: Danh sách tự gộp,0,,,
HOTX Holding Group,,,Ha Noi,Nguồn: Danh sách tự gộp,0,,,
MobiFone Solutions,,,Ha Noi,Nguồn: Danh sách tự gộp,0,,,
FETEK Technology Company Limited,,,Ha Noi,Nguồn: Danh sách tự gộp,0,,,
Công ty Cổ phần Tập đoàn Việt Ba,,,Ha Noi,Nguồn: Danh sách tự gộp,0,,,
Công ty TNHH Công nghệ và Truyền thông Thiên Khôi,,,Ha Noi,Nguồn: Danh sách tự gộp,0,,,
VNSOLUTION,,,Ha Noi,Nguồn: Danh sách tự gộp,0,,,
RightShip,,,Ha Noi,Nguồn: Danh sách tự gộp,0,,,
HM Games,,,Ha Noi,Nguồn: Danh sách tự gộp,0,,,
Công Ty Cổ Phần Công Nghệ Thông Minh SFIN,,,Ha Noi,Nguồn: Danh sách tự gộp,0,,,
Công ty TNHH TM và Giao nhận vận tải quốc tế Trang Huy,,,Ha Noi,Nguồn: Danh sách tự gộp,0,,,
AWING,,,Ha Noi,Nguồn: Danh sách tự gộp,0,,,
GSM - Xanh SM,,,Ha Noi,Nguồn: Danh sách tự gộp,0,,,
Softel Solutions,,,Ha Noi,Nguồn: Danh sách tự gộp,0,,,
CÔNG TY TNHH TÍCH HỢP HỆ THỐNG NHT,,,Ha Noi,Nguồn: Danh sách tự gộp,0,,,
National Citizen Bank (NCB),,,Ha Noi,Nguồn: Danh sách tự gộp,0,,,
Công Ty Cổ Phần Tập Đoàn Gỗ Minh Long,,,Ha Noi,Nguồn: Danh sách tự gộp,0,,,
Switch Supply Pty Ltd,,,Ha Noi,Nguồn: Danh sách tự gộp,0,,,
911 GROUP (Năm Sao),,,Ha Noi,Nguồn: Danh sách tự gộp,0,,,
"DIGITAL TECHNOLOGY SOLUTIONS., JSC",,,Ha Noi,Nguồn: Danh sách tự gộp,0,,,
"Abilive Vietnam Co., Ltd.",,,Ha Noi,Nguồn: Danh sách tự gộp,0,,,
Winki Group,,,Ha Noi,Nguồn: Danh sách tự gộp,0,,,
CÔNG TY CP TƯ VẤN ĐẦU TƯ VÀ XÂY DỰNG GTVT,,,Ha Noi,Nguồn: Danh sách tự gộp,0,,,
MBAMC (Quản lý nợ MB),,,Ha Noi,Nguồn: Danh sách tự gộp,0,,,
Opes Insurance,,,Ha Noi,Nguồn: Danh sách tự gộp,0,,,
ICEBEAR (Studio Game),,,Ha Noi,Nguồn: Danh sách tự gộp,0,,,
MB Life (MB Ageas Life),,,Ha Noi,Nguồn: Danh sách tự gộp,0,,,
CÔNG TY CP CÔNG NGHỆ UPP TOÀN CẦU,,,Ha Noi,Nguồn: Danh sách tự gộp,0,,,
Trung tâm công nghệ thông tin MobiFone,,,Ha Noi,Nguồn: Danh sách tự gộp,0,,,
Leansoft,,,Ha Noi,Nguồn: Danh sách tự gộp,0,,,
Inception Technologies Global,,,Ha Noi,Nguồn: Danh sách tự gộp,0,,,
Ewoosoft Vietnam,,,Ha Noi,Nguồn: Danh sách tự gộp,0,,,
MSB (Maritime Bank),,,Ha Noi,Nguồn: Danh sách tự gộp,0,,,
Braly JSC,,,Ha Noi,Nguồn: Danh sách tự gộp,0,,,
MK Group,,,Ha Noi,Nguồn: Danh sách tự gộp,0,,,
Công ty Cổ phần Công nghệ NexGen VN,,,Ha Noi,Nguồn: Danh sách tự gộp,0,,,
Hệ thống Giáo dục Lý Thái Tổ,,,Ha Noi,Nguồn: Danh sách tự gộp,0,,,
Mathpresso Việt Nam,,,Ha Noi,Nguồn: Danh sách tự gộp,0,,,
NaviWorld,,,Ha Noi,Nguồn: Danh sách tự gộp,0,,,
Công Ty Tnhh Hello Việt Nam,,,Ha Noi,Nguồn: Danh sách tự gộp,0,,,
VNB Global,,,Ha Noi,Nguồn: Danh sách tự gộp,0,,,
NEMO Digital Technology,,,Ha Noi,Nguồn: Danh sách tự gộp,0,,,
Công Ty TNHH Đầu Tư Thương Mại Và Sản Xuất Chính Phát,,,Ha Noi,Nguồn: Danh sách tự gộp,0,,,
Aladin Technology,,,Ha Noi,Nguồn: Danh sách tự gộp,0,,,
Trung tâm Ứng cứu khẩn cấp không gian mạng Việt Nam (VNCERT;CC),,,Ha Noi,Nguồn: Danh sách tự gộp,0,,,
IONAH,,,Ha Noi,Nguồn: Danh sách tự gộp,0,,,
LifeteX,,,Ha Noi,Nguồn: Danh sách tự gộp,0,,,
Trung tâm CNTT Tập đoàn Bảo Việt,,,Ha Noi,Nguồn: Danh sách tự gộp,0,,,
Công ty Cổ phần Kinh doanh Bất động sản Mayhomes,,,Ha Noi,Nguồn: Danh sách tự gộp,0,,,
Birdeye.so,,,Ha Noi,Nguồn: Danh sách tự gộp,0,,,
CÔNG TY TNHH ROOSTERX GLOBAL,,,Ha Noi,Nguồn: Danh sách tự gộp,0,,,
Romulus Digital,,,Ha Noi,Nguồn: Danh sách tự gộp,0,,,
Vietnamobile,,,Ha Noi,Nguồn: Danh sách tự gộp,0,,,
F88,,,Ha Noi,Nguồn: Danh sách tự gộp,0,,,
VNEXT SOFTWARE,,,Ha Noi,Nguồn: Danh sách tự gộp,0,,,
Outcubator,,,Ha Noi,Nguồn: Danh sách tự gộp,0,,,
Viettel Post,,,Ha Noi,Nguồn: Danh sách tự gộp,0,,,
Viettel Cyber Security,,,Ha Noi,Nguồn: Danh sách tự gộp,0,,,
Bravo,,,Ha Noi,Nguồn: Danh sách tự gộp,0,,,
VNG Corporation,,,Ha Noi,Nguồn: Danh sách tự gộp,0,,,
VNDIRECT,,,Ha Noi,Nguồn: Danh sách tự gộp,0,,,
SHBFinance,,,Ha Noi,Nguồn: Danh sách tự gộp,0,,,
